flight_id,airline_code,origin_airport_code,destination_airport_code,scheduled_departure_time,actual_departure_time,gate_id,status,load_timestamp
1001,DL,WAW,HND,2025-11-19T05:43:08,2025-11-19T07:49:08,54,Departed,2025-11-13T17:36:13.035760
1002,DL,LHR,DXB,2025-11-18T03:18:02,2025-11-18T03:22:02,27,On Time,2025-11-13T17:36:13.036742
1003,SQ,WAW,AMS,2025-11-18T22:55:05,2025-11-18T23:42:05,53,Departed,2025-11-13T17:36:13.036742
1004,AA,WAW,DFW,2025-11-20T01:27:57,2025-11-20T01:31:57,46,On Time,2025-11-13T17:36:13.036742
1005,SQ,JFK,ORD,2025-11-20T09:53:54,2025-11-20T12:43:54,48,Arrived,2025-11-13T17:36:13.036742
1006,W6,JFK,LAX,2025-11-15T19:50:12,2025-11-15T21:51:12,11,Arrived,2025-11-13T17:36:13.036742
1007,SQ,WAW,DEN,2025-11-20T08:56:53,2025-11-20T08:59:53,31,On Time,2025-11-13T17:36:13.036742
1008,W6,WAW,ORD,2025-11-16T11:40:28,2025-11-16T13:32:28,4,Arrived,2025-11-13T17:36:13.036742
1009,UA,AMS,DFW,2025-11-17T22:51:14,2025-11-18T01:04:14,2,Delayed,2025-11-13T17:36:13.036742
1010,DL,FRA,DXB,2025-11-17T12:51:57,2025-11-17T13:59:57,10,Delayed,2025-11-13T17:36:13.036742
1011,UA,ATL,CDG,2025-11-19T22:33:48,2025-11-19T22:37:48,35,On Time,2025-11-13T17:36:13.036742
1012,AA,WAW,LAX,2025-11-18T12:07:31,2025-11-18T13:48:31,49,Delayed,2025-11-13T17:36:13.036742
1013,W6,ORD,LAX,2025-11-17T12:53:30,2025-11-17T14:31:30,46,Delayed,2025-11-13T17:36:13.036742
1014,EK,FRA,WAW,2025-11-15T13:15:17,2025-11-15T15:47:17,44,Arrived,2025-11-13T17:36:13.036742
1015,DL,WAW,CDG,2025-11-17T08:43:41,2025-11-17T10:23:41,23,Arrived,2025-11-13T17:36:13.036742
1016,UA,DEN,ATL,2025-11-16T06:37:09,2025-11-16T06:40:09,11,On Time,2025-11-13T17:36:13.036742
1017,SQ,DXB,AMS,2025-11-20T00:17:14,2025-11-20T01:41:14,48,Delayed,2025-11-13T17:36:13.036742
1018,AF,ORD,AMS,2025-11-15T17:18:05,2025-11-15T17:21:05,6,On Time,2025-11-13T17:36:13.036742
1019,EK,LAX,ORD,2025-11-14T15:39:47,2025-11-14T17:55:47,57,Delayed,2025-11-13T17:36:13.036742
1020,AA,LHR,HND,2025-11-18T08:38:58,2025-11-18T09:32:58,25,Arrived,2025-11-13T17:36:13.036742
1021,EK,WAW,DEN,2025-11-17T18:56:17,2025-11-17T21:53:17,41,Arrived,2025-11-13T17:36:13.036742
1022,AF,FRA,AMS,2025-11-15T11:21:15,2025-11-15T13:58:15,56,Delayed,2025-11-13T17:36:13.036742
1023,LH,CDG,FRA,2025-11-16T08:04:31,,,Cancelled,2025-11-13T17:36:13.036742
1024,BA,CDG,LHR,2025-11-20T17:30:22,,,Cancelled,2025-11-13T17:36:13.037738
1025,AF,JFK,DFW,2025-11-14T20:39:16,,,Cancelled,2025-11-13T17:36:13.037738
1026,BA,ORD,KBP,2025-11-19T04:12:17,,,Cancelled,2025-11-13T17:36:13.037738
1027,BA,DFW,DXB,2025-11-20T01:56:38,2025-11-20T04:26:38,15,Arrived,2025-11-13T17:36:13.037738
1028,AF,FRA,CDG,2025-11-14T03:19:32,2025-11-14T04:26:32,1,Arrived,2025-11-13T17:36:13.037738
1029,AA,HND,DFW,2025-11-17T21:07:49,2025-11-17T22:39:49,52,Delayed,2025-11-13T17:36:13.037738
1030,U2,DEN,LAX,2025-11-15T09:34:29,,,Cancelled,2025-11-13T17:36:13.037738
1031,W6,JFK,LHR,2025-11-18T19:10:56,2025-11-18T21:31:56,25,Delayed,2025-11-13T17:36:13.037738
1032,EK,DXB,ORD,2025-11-20T03:10:36,2025-11-20T04:57:36,60,Delayed,2025-11-13T17:36:13.037738
1033,UA,DXB,ORD,2025-11-16T04:43:17,2025-11-16T06:06:17,27,Delayed,2025-11-13T17:36:13.037738
1034,W6,DXB,DFW,2025-11-14T16:26:44,2025-11-14T16:26:44,37,On Time,2025-11-13T17:36:13.037738
1035,AA,LAX,AMS,2025-11-19T03:57:18,2025-11-19T05:48:18,3,Delayed,2025-11-13T17:36:13.037738
1036,AF,DEN,ATL,2025-11-16T04:47:09,2025-11-16T04:49:09,38,On Time,2025-11-13T17:36:13.037738
1037,AA,ORD,LHR,2025-11-14T04:12:20,2025-11-14T04:15:20,8,On Time,2025-11-13T17:36:13.037738
1038,U2,HND,LHR,2025-11-18T14:27:22,2025-11-18T17:20:22,32,Departed,2025-11-13T17:36:13.037738
1039,AA,FRA,DEN,2025-11-19T20:51:53,2025-11-19T20:55:53,20,On Time,2025-11-13T17:36:13.037738
1040,EK,LHR,HND,2025-11-20T14:15:08,2025-11-20T15:47:08,16,Arrived,2025-11-13T17:36:13.037738
1041,EK,DXB,LAX,2025-11-19T07:54:18,2025-11-19T10:23:18,24,Departed,2025-11-13T17:36:13.037738
1042,UA,JFK,FRA,2025-11-18T17:08:53,2025-11-18T17:10:53,21,On Time,2025-11-13T17:36:13.037738
1043,BA,DXB,ORD,2025-11-16T12:20:14,2025-11-16T12:24:14,30,On Time,2025-11-13T17:36:13.037738
1044,AA,ORD,HND,2025-11-15T05:46:12,2025-11-15T07:37:12,16,Arrived,2025-11-13T17:36:13.037738
1045,DL,FRA,ORD,2025-11-17T08:03:53,2025-11-17T08:08:53,32,On Time,2025-11-13T17:36:13.037738
1046,U2,HND,KBP,2025-11-16T03:12:08,2025-11-16T03:13:08,3,On Time,2025-11-13T17:36:13.037738
1047,AF,DFW,LHR,2025-11-15T18:11:32,,,Cancelled,2025-11-13T17:36:13.037738
1048,AF,HND,KBP,2025-11-17T09:46:49,2025-11-17T12:03:49,44,Arrived,2025-11-13T17:36:13.037738
1049,W6,DFW,CDG,2025-11-13T21:51:50,2025-11-13T22:57:50,32,Delayed,2025-11-13T17:36:13.037738
1050,SQ,LAX,DXB,2025-11-18T19:27:59,2025-11-18T20:59:59,5,Delayed,2025-11-13T17:36:13.038737
1051,AA,DFW,JFK,2025-11-14T02:29:11,2025-11-14T04:39:11,6,Departed,2025-11-13T17:36:13.038737
1052,AA,LHR,ATL,2025-11-19T08:42:48,2025-11-19T08:43:48,56,On Time,2025-11-13T17:36:13.038737
1053,SQ,AMS,KBP,2025-11-16T13:03:10,2025-11-16T13:08:10,28,On Time,2025-11-13T17:36:13.038737
1054,SQ,DXB,WAW,2025-11-15T02:28:26,2025-11-15T04:29:26,46,Delayed,2025-11-13T17:36:13.038737
1055,DL,ORD,KBP,2025-11-17T22:07:15,2025-11-17T23:55:15,10,Departed,2025-11-13T17:36:13.038737
1056,W6,DEN,AMS,2025-11-17T00:44:35,2025-11-17T01:01:35,13,Arrived,2025-11-13T17:36:13.038737
1057,U2,AMS,CDG,2025-11-14T22:35:21,2025-11-15T01:15:21,16,Delayed,2025-11-13T17:36:13.038737
1058,UA,WAW,JFK,2025-11-14T19:17:03,2025-11-14T19:54:03,13,Departed,2025-11-13T17:36:13.038737
1059,W6,LAX,AMS,2025-11-18T02:36:45,2025-11-18T02:38:45,26,On Time,2025-11-13T17:36:13.038737
1060,EK,CDG,WAW,2025-11-20T11:11:19,2025-11-20T12:02:19,24,Delayed,2025-11-13T17:36:13.038737
1061,LH,CDG,LAX,2025-11-17T02:26:28,2025-11-17T03:51:28,49,Departed,2025-11-13T17:36:13.038737
1062,AF,FRA,ATL,2025-11-15T04:15:16,2025-11-15T07:07:16,41,Departed,2025-11-13T17:36:13.038737
1063,W6,DEN,ORD,2025-11-13T20:30:47,2025-11-13T20:34:47,3,On Time,2025-11-13T17:36:13.038737
1064,LH,WAW,LHR,2025-11-18T17:36:49,2025-11-18T20:18:49,41,Arrived,2025-11-13T17:36:13.038737
1065,BA,HND,AMS,2025-11-19T16:10:22,2025-11-19T16:34:22,55,Delayed,2025-11-13T17:36:13.038737
1066,BA,FRA,AMS,2025-11-19T00:36:13,2025-11-19T03:03:13,19,Departed,2025-11-13T17:36:13.038737
1067,W6,WAW,KBP,2025-11-18T14:15:15,,,Cancelled,2025-11-13T17:36:13.038737
1068,AF,DXB,DEN,2025-11-19T05:20:30,2025-11-19T07:44:30,32,Arrived,2025-11-13T17:36:13.038737
1069,AF,CDG,ORD,2025-11-17T20:16:14,2025-11-17T21:22:14,58,Departed,2025-11-13T17:36:13.038737
1070,AA,AMS,DFW,2025-11-13T18:56:18,2025-11-13T21:24:18,45,Delayed,2025-11-13T17:36:13.038737
1071,EK,CDG,HND,2025-11-18T03:00:45,2025-11-18T05:10:45,37,Arrived,2025-11-13T17:36:13.038737
1072,BA,WAW,DEN,2025-11-17T07:57:02,,,Cancelled,2025-11-13T17:36:13.038737
1073,W6,AMS,DXB,2025-11-15T17:42:33,2025-11-15T19:16:33,29,Arrived,2025-11-13T17:36:13.038737
1074,BA,LAX,HND,2025-11-16T15:15:26,,,Cancelled,2025-11-13T17:36:13.038737
1075,SQ,DFW,LHR,2025-11-20T08:12:46,2025-11-20T10:17:46,31,Delayed,2025-11-13T17:36:13.038737
1076,SQ,LAX,CDG,2025-11-18T19:19:55,2025-11-18T20:16:55,44,Arrived,2025-11-13T17:36:13.038737
1077,SQ,LAX,AMS,2025-11-20T07:08:28,2025-11-20T08:31:28,19,Delayed,2025-11-13T17:36:13.039736
1078,BA,AMS,LAX,2025-11-19T06:36:57,,,Cancelled,2025-11-13T17:36:13.039736
1079,UA,LHR,DXB,2025-11-14T20:09:24,,,Cancelled,2025-11-13T17:36:13.039736
1080,DL,HND,ORD,2025-11-20T16:44:28,2025-11-20T18:42:28,27,Delayed,2025-11-13T17:36:13.039736
1081,AF,DFW,JFK,2025-11-16T05:17:51,2025-11-16T07:51:51,4,Departed,2025-11-13T17:36:13.039736
1082,EK,AMS,LHR,2025-11-13T18:04:38,,,Cancelled,2025-11-13T17:36:13.039736
1083,UA,DXB,AMS,2025-11-16T08:47:34,2025-11-16T08:50:34,48,On Time,2025-11-13T17:36:13.039736
1084,EK,CDG,FRA,2025-11-18T05:56:21,2025-11-18T06:53:21,4,Delayed,2025-11-13T17:36:13.039736
1085,AF,HND,JFK,2025-11-14T08:05:43,2025-11-14T10:34:43,35,Departed,2025-11-13T17:36:13.039736
1086,U2,DFW,LHR,2025-11-17T14:13:25,2025-11-17T16:30:25,38,Delayed,2025-11-13T17:36:13.039736
1087,DL,WAW,ORD,2025-11-16T13:15:29,,,Cancelled,2025-11-13T17:36:13.039736
1088,LH,FRA,KBP,2025-11-15T18:16:42,2025-11-15T19:08:42,21,Arrived,2025-11-13T17:36:13.039736
1089,BA,FRA,HND,2025-11-15T23:02:50,2025-11-15T23:31:50,32,Departed,2025-11-13T17:36:13.039736
1090,W6,AMS,WAW,2025-11-15T00:31:58,2025-11-15T00:31:58,1,On Time,2025-11-13T17:36:13.039736
1091,LH,AMS,DXB,2025-11-19T20:50:01,2025-11-19T21:34:01,56,Delayed,2025-11-13T17:36:13.039736
1092,EK,JFK,CDG,2025-11-16T01:23:26,2025-11-16T03:59:26,8,Delayed,2025-11-13T17:36:13.039736
1093,BA,FRA,CDG,2025-11-14T05:09:34,2025-11-14T06:58:34,41,Delayed,2025-11-13T17:36:13.039736
1094,BA,LHR,DXB,2025-11-15T02:45:41,,,Cancelled,2025-11-13T17:36:13.039736
1095,BA,ATL,DXB,2025-11-14T03:23:27,2025-11-14T05:26:27,27,Departed,2025-11-13T17:36:13.039736
1096,DL,DEN,LHR,2025-11-16T13:40:13,,,Cancelled,2025-11-13T17:36:13.039736
1097,AF,HND,DEN,2025-11-14T01:31:36,2025-11-14T02:44:36,15,Delayed,2025-11-13T17:36:13.039736
1098,AA,HND,AMS,2025-11-20T10:03:11,2025-11-20T10:40:11,11,Arrived,2025-11-13T17:36:13.039736
1099,U2,ORD,LAX,2025-11-15T20:12:49,,,Cancelled,2025-11-13T17:36:13.039736
1100,W6,DEN,DXB,2025-11-19T14:28:26,2025-11-19T16:56:26,4,Departed,2025-11-13T17:36:13.039736
1101,U2,ORD,KBP,2025-11-19T16:48:08,2025-11-19T18:39:08,24,Delayed,2025-11-13T17:36:13.039736
1102,SQ,HND,AMS,2025-11-18T09:32:52,2025-11-18T09:35:52,41,On Time,2025-11-13T17:36:13.039736
1103,LH,HND,DFW,2025-11-17T17:17:18,2025-11-17T17:18:18,48,On Time,2025-11-13T17:36:13.039736
1104,SQ,ATL,LAX,2025-11-17T13:04:40,2025-11-17T16:04:40,31,Arrived,2025-11-13T17:36:13.039736
1105,AF,DEN,DFW,2025-11-15T08:46:32,2025-11-15T10:17:32,34,Delayed,2025-11-13T17:36:13.039736
1106,SQ,LAX,HND,2025-11-19T08:54:16,2025-11-19T08:57:16,57,On Time,2025-11-13T17:36:13.039736
1107,SQ,LAX,HND,2025-11-20T16:37:37,2025-11-20T17:21:37,35,Arrived,2025-11-13T17:36:13.039736
1108,DL,LHR,CDG,2025-11-20T06:50:37,2025-11-20T09:49:37,6,Arrived,2025-11-13T17:36:13.039736
1109,EK,CDG,ATL,2025-11-16T12:12:32,2025-11-16T15:06:32,45,Departed,2025-11-13T17:36:13.039736
1110,AF,DFW,DXB,2025-11-18T14:17:26,,,Cancelled,2025-11-13T17:36:13.039736
1111,AA,DXB,HND,2025-11-17T00:01:03,2025-11-17T00:18:03,27,Arrived,2025-11-13T17:36:13.039736
1112,AF,LAX,JFK,2025-11-17T16:37:15,,,Cancelled,2025-11-13T17:36:13.039736
1113,UA,WAW,DEN,2025-11-16T03:57:10,2025-11-16T03:58:10,49,On Time,2025-11-13T17:36:13.039736
1114,UA,CDG,LAX,2025-11-19T16:51:20,2025-11-19T16:54:20,45,On Time,2025-11-13T17:36:13.039736
1115,W6,CDG,DXB,2025-11-15T23:36:58,2025-11-15T23:40:58,31,On Time,2025-11-13T17:36:13.039736
1116,EK,FRA,CDG,2025-11-16T13:28:50,2025-11-16T16:25:50,57,Arrived,2025-11-13T17:36:13.039736
1117,UA,KBP,DXB,2025-11-18T03:45:49,2025-11-18T04:10:49,9,Delayed,2025-11-13T17:36:13.039736
1118,EK,WAW,DEN,2025-11-19T14:37:25,2025-11-19T14:39:25,12,On Time,2025-11-13T17:36:13.041244
1119,DL,JFK,WAW,2025-11-17T17:49:45,2025-11-17T17:52:45,27,On Time,2025-11-13T17:36:13.041244
1120,U2,LHR,AMS,2025-11-19T17:38:07,,,Cancelled,2025-11-13T17:36:13.041244
1121,DL,ORD,CDG,2025-11-19T03:25:47,,,Cancelled,2025-11-13T17:36:13.041244
1122,U2,LAX,ATL,2025-11-19T16:41:51,2025-11-19T18:07:51,37,Delayed,2025-11-13T17:36:13.041244
1123,W6,CDG,DXB,2025-11-14T04:51:55,,,Cancelled,2025-11-13T17:36:13.041244
1124,U2,WAW,ATL,2025-11-20T07:11:30,2025-11-20T09:13:30,9,Delayed,2025-11-13T17:36:13.042259
1125,BA,KBP,AMS,2025-11-13T19:01:35,2025-11-13T19:43:35,57,Delayed,2025-11-13T17:36:13.042259
1126,LH,AMS,JFK,2025-11-19T10:12:31,2025-11-19T10:16:31,50,On Time,2025-11-13T17:36:13.042259
1127,LH,ATL,LHR,2025-11-18T16:12:56,,,Cancelled,2025-11-13T17:36:13.042259
1128,AA,DXB,AMS,2025-11-20T06:43:50,,,Cancelled,2025-11-13T17:36:13.042259
1129,AF,HND,FRA,2025-11-13T23:38:27,2025-11-14T02:22:27,36,Delayed,2025-11-13T17:36:13.042259
1130,AF,DEN,CDG,2025-11-19T04:27:35,2025-11-19T05:45:35,21,Delayed,2025-11-13T17:36:13.042259
1131,EK,ATL,LHR,2025-11-18T21:25:55,2025-11-18T23:21:55,16,Delayed,2025-11-13T17:36:13.042259
1132,UA,DXB,KBP,2025-11-15T07:12:48,2025-11-15T09:41:48,50,Delayed,2025-11-13T17:36:13.042259
1133,EK,WAW,ATL,2025-11-14T01:46:08,2025-11-14T02:56:08,54,Departed,2025-11-13T17:36:13.043377
1134,AF,LHR,FRA,2025-11-16T23:32:40,2025-11-17T02:11:40,18,Delayed,2025-11-13T17:36:13.043377
1135,UA,DFW,DEN,2025-11-18T22:36:18,,,Cancelled,2025-11-13T17:36:13.043377
1136,EK,KBP,ATL,2025-11-16T21:53:31,2025-11-17T00:34:31,15,Arrived,2025-11-13T17:36:13.043377
1137,EK,WAW,JFK,2025-11-20T09:46:14,2025-11-20T11:42:14,44,Delayed,2025-11-13T17:36:13.043377
1138,AF,FRA,ATL,2025-11-16T01:56:53,2025-11-16T01:58:53,24,On Time,2025-11-13T17:36:13.043377
1139,UA,LAX,WAW,2025-11-15T12:34:50,2025-11-15T15:22:50,31,Departed,2025-11-13T17:36:13.043377
1140,EK,DXB,DEN,2025-11-20T03:20:33,,,Cancelled,2025-11-13T17:36:13.043377
1141,LH,FRA,WAW,2025-11-16T13:32:52,2025-11-16T15:03:52,52,Arrived,2025-11-13T17:36:13.043377
1142,LH,LHR,KBP,2025-11-19T12:02:37,2025-11-19T12:18:37,22,Arrived,2025-11-13T17:36:13.043377
1143,EK,DFW,AMS,2025-11-18T02:31:35,2025-11-18T03:10:35,36,Delayed,2025-11-13T17:36:13.044376
1144,AA,DFW,DEN,2025-11-13T23:01:33,2025-11-14T01:25:33,9,Arrived,2025-11-13T17:36:13.044376
1145,LH,FRA,JFK,2025-11-16T01:49:43,2025-11-16T04:13:43,16,Departed,2025-11-13T17:36:13.044376
1146,LH,ATL,HND,2025-11-16T10:12:30,2025-11-16T11:51:30,23,Arrived,2025-11-13T17:36:13.044376
1147,U2,FRA,AMS,2025-11-17T22:13:56,,,Cancelled,2025-11-13T17:36:13.044376
1148,LH,DFW,DEN,2025-11-20T01:06:28,,,Cancelled,2025-11-13T17:36:13.044376
1149,EK,DFW,FRA,2025-11-18T06:28:00,2025-11-18T07:47:00,41,Departed,2025-11-13T17:36:13.044376
1150,U2,JFK,ORD,2025-11-19T06:48:02,2025-11-19T08:42:02,55,Delayed,2025-11-13T17:36:13.044376
1151,EK,LHR,HND,2025-11-16T22:56:01,2025-11-16T23:01:01,36,On Time,2025-11-13T17:36:13.044376
1152,AF,DFW,CDG,2025-11-16T03:23:29,2025-11-16T03:24:29,26,On Time,2025-11-13T17:36:13.044376
1153,W6,LHR,ATL,2025-11-14T07:05:07,2025-11-14T09:13:07,30,Arrived,2025-11-13T17:36:13.044376
1154,AF,HND,DXB,2025-11-16T20:30:41,,,Cancelled,2025-11-13T17:36:13.045375
1155,W6,AMS,JFK,2025-11-13T18:09:03,2025-11-13T18:14:03,32,On Time,2025-11-13T17:36:13.045375
1156,EK,CDG,AMS,2025-11-16T10:49:19,,,Cancelled,2025-11-13T17:36:13.045375
1157,DL,KBP,CDG,2025-11-19T08:08:26,2025-11-19T08:31:26,37,Departed,2025-11-13T17:36:13.045375
1158,SQ,HND,DFW,2025-11-20T05:51:22,2025-11-20T07:25:22,15,Arrived,2025-11-13T17:36:13.045375
1159,LH,FRA,CDG,2025-11-16T23:46:47,2025-11-17T02:40:47,7,Departed,2025-11-13T17:36:13.045375
1160,W6,CDG,DEN,2025-11-16T00:04:02,2025-11-16T00:23:02,4,Delayed,2025-11-13T17:36:13.045375
1161,AA,CDG,LHR,2025-11-13T22:19:11,2025-11-14T00:18:11,29,Delayed,2025-11-13T17:36:13.045375
1162,AF,LHR,LAX,2025-11-13T19:00:11,2025-11-13T19:05:11,25,On Time,2025-11-13T17:36:13.045375
1163,W6,LHR,DXB,2025-11-18T00:39:01,,,Cancelled,2025-11-13T17:36:13.045375
1164,W6,LAX,DXB,2025-11-16T17:08:02,2025-11-16T19:49:02,43,Delayed,2025-11-13T17:36:13.045375
1165,EK,ORD,KBP,2025-11-18T10:49:05,,,Cancelled,2025-11-13T17:36:13.045375
1166,AF,ATL,KBP,2025-11-16T14:22:23,,,Cancelled,2025-11-13T17:36:13.046376
1167,W6,AMS,ORD,2025-11-14T06:01:05,2025-11-14T07:27:05,36,Delayed,2025-11-13T17:36:13.046376
1168,U2,CDG,DXB,2025-11-17T07:46:38,2025-11-17T10:37:38,5,Arrived,2025-11-13T17:36:13.046376
1169,AA,HND,DEN,2025-11-19T18:52:58,2025-11-19T21:06:58,46,Delayed,2025-11-13T17:36:13.046376
1170,U2,HND,FRA,2025-11-16T04:14:39,2025-11-16T05:35:39,6,Delayed,2025-11-13T17:36:13.046376
1171,BA,HND,ATL,2025-11-17T05:52:40,2025-11-17T06:24:40,31,Departed,2025-11-13T17:36:13.046376
1172,LH,JFK,LAX,2025-11-19T01:23:12,2025-11-19T02:09:12,59,Departed,2025-11-13T17:36:13.046376
1173,LH,ATL,KBP,2025-11-16T01:02:35,2025-11-16T01:05:35,54,On Time,2025-11-13T17:36:13.046376
1174,BA,LHR,LAX,2025-11-18T12:34:54,2025-11-18T12:38:54,12,On Time,2025-11-13T17:36:13.046376
1175,SQ,CDG,HND,2025-11-19T01:19:47,2025-11-19T02:56:47,47,Arrived,2025-11-13T17:36:13.046376
1176,DL,WAW,HND,2025-11-14T08:48:52,2025-11-14T08:48:52,54,On Time,2025-11-13T17:36:13.047375
1177,BA,ATL,FRA,2025-11-14T01:07:17,2025-11-14T01:11:17,57,On Time,2025-11-13T17:36:13.047375
1178,U2,LHR,KBP,2025-11-15T11:39:06,,,Cancelled,2025-11-13T17:36:13.047375
1179,BA,AMS,LHR,2025-11-19T09:08:53,2025-11-19T09:08:53,11,On Time,2025-11-13T17:36:13.047375
1180,LH,ATL,CDG,2025-11-17T20:44:18,2025-11-17T22:26:18,30,Departed,2025-11-13T17:36:13.047375
1181,UA,DEN,WAW,2025-11-14T02:58:22,2025-11-14T04:15:22,26,Arrived,2025-11-13T17:36:13.047375
1182,DL,DXB,WAW,2025-11-18T09:28:10,,,Cancelled,2025-11-13T17:36:13.047375
1183,UA,HND,LAX,2025-11-17T03:23:32,2025-11-17T03:40:32,34,Delayed,2025-11-13T17:36:13.047375
1184,AF,JFK,DEN,2025-11-20T16:04:37,,,Cancelled,2025-11-13T17:36:13.047375
1185,UA,WAW,KBP,2025-11-14T09:58:06,2025-11-14T11:20:06,17,Arrived,2025-11-13T17:36:13.048373
1186,BA,DFW,AMS,2025-11-17T11:37:40,2025-11-17T11:38:40,24,On Time,2025-11-13T17:36:13.048373
1187,AF,DEN,CDG,2025-11-15T23:14:14,2025-11-15T23:16:14,52,On Time,2025-11-13T17:36:13.048373
1188,AF,JFK,WAW,2025-11-15T15:00:57,,,Cancelled,2025-11-13T17:36:13.048373
1189,SQ,JFK,LAX,2025-11-14T08:29:19,2025-11-14T09:27:19,30,Departed,2025-11-13T17:36:13.048373
1190,U2,CDG,DFW,2025-11-15T11:16:05,2025-11-15T11:53:05,41,Departed,2025-11-13T17:36:13.048373
1191,W6,AMS,JFK,2025-11-14T12:08:26,2025-11-14T12:11:26,7,On Time,2025-11-13T17:36:13.048373
1192,EK,FRA,ATL,2025-11-20T05:47:10,2025-11-20T05:51:10,43,On Time,2025-11-13T17:36:13.048373
1193,EK,DFW,CDG,2025-11-16T15:51:10,2025-11-16T16:08:10,29,Departed,2025-11-13T17:36:13.048373
1194,U2,ATL,CDG,2025-11-20T07:42:19,,,Cancelled,2025-11-13T17:36:13.048373
1195,AA,AMS,JFK,2025-11-16T05:20:44,2025-11-16T06:02:44,22,Departed,2025-11-13T17:36:13.048373
1196,U2,HND,CDG,2025-11-18T03:44:49,,,Cancelled,2025-11-13T17:36:13.048373
1197,AF,AMS,DFW,2025-11-16T18:01:12,2025-11-16T19:18:12,11,Departed,2025-11-13T17:36:13.048373
1198,EK,JFK,KBP,2025-11-13T21:17:31,2025-11-13T21:18:31,5,On Time,2025-11-13T17:36:13.048373
1199,AF,ORD,HND,2025-11-17T11:12:16,2025-11-17T12:31:16,30,Arrived,2025-11-13T17:36:13.049372
1200,BA,ORD,DFW,2025-11-17T23:38:08,2025-11-18T01:23:08,18,Departed,2025-11-13T17:36:13.049372
1201,DL,LAX,DXB,2025-11-17T05:56:58,2025-11-17T08:31:58,46,Arrived,2025-11-13T17:36:13.049372
1202,U2,ATL,FRA,2025-11-17T12:55:32,2025-11-17T12:58:32,3,On Time,2025-11-13T17:36:13.049372
1203,AF,DXB,DFW,2025-11-19T10:00:11,2025-11-19T12:15:11,34,Arrived,2025-11-13T17:36:13.049372
1204,LH,WAW,DEN,2025-11-17T05:46:22,2025-11-17T05:50:22,51,On Time,2025-11-13T17:36:13.049372
1205,EK,AMS,JFK,2025-11-20T00:45:33,2025-11-20T01:14:33,25,Delayed,2025-11-13T17:36:13.049372
1206,UA,CDG,DEN,2025-11-19T23:06:06,,,Cancelled,2025-11-13T17:36:13.049372
1207,EK,ORD,DXB,2025-11-16T22:20:00,,,Cancelled,2025-11-13T17:36:13.049372
1208,UA,ORD,AMS,2025-11-16T07:48:21,,,Cancelled,2025-11-13T17:36:13.049372
1209,EK,AMS,CDG,2025-11-17T07:49:55,2025-11-17T09:09:55,42,Arrived,2025-11-13T17:36:13.049372
1210,DL,DXB,FRA,2025-11-15T05:27:44,,,Cancelled,2025-11-13T17:36:13.049372
1211,DL,JFK,CDG,2025-11-16T01:19:38,2025-11-16T01:36:38,9,Arrived,2025-11-13T17:36:13.049372
1212,AF,LAX,AMS,2025-11-18T19:54:33,2025-11-18T20:17:33,44,Delayed,2025-11-13T17:36:13.049372
1213,BA,ORD,JFK,2025-11-18T23:34:59,,,Cancelled,2025-11-13T17:36:13.050373
1214,EK,JFK,LAX,2025-11-16T02:45:10,,,Cancelled,2025-11-13T17:36:13.050373
1215,EK,DFW,LAX,2025-11-16T00:41:36,2025-11-16T00:57:36,56,Arrived,2025-11-13T17:36:13.050373
1216,DL,CDG,LHR,2025-11-17T10:20:15,,,Cancelled,2025-11-13T17:36:13.050373
1217,EK,ATL,AMS,2025-11-18T05:12:26,2025-11-18T05:35:26,4,Delayed,2025-11-13T17:36:13.050373
1218,DL,FRA,DFW,2025-11-20T08:11:46,2025-11-20T10:41:46,38,Arrived,2025-11-13T17:36:13.050373
1219,BA,DXB,DEN,2025-11-19T06:21:12,,,Cancelled,2025-11-13T17:36:13.050373
1220,SQ,ORD,DEN,2025-11-18T16:33:27,2025-11-18T19:30:27,41,Arrived,2025-11-13T17:36:13.050373
1221,AF,CDG,JFK,2025-11-18T08:00:07,2025-11-18T09:51:07,50,Delayed,2025-11-13T17:36:13.050373
1222,W6,DXB,WAW,2025-11-14T08:47:50,2025-11-14T10:09:50,51,Arrived,2025-11-13T17:36:13.050373
1223,U2,FRA,DXB,2025-11-19T22:23:40,2025-11-19T22:25:40,60,On Time,2025-11-13T17:36:13.050373
1224,SQ,HND,KBP,2025-11-13T18:39:01,,,Cancelled,2025-11-13T17:36:13.050373
1225,SQ,AMS,ATL,2025-11-18T18:12:19,2025-11-18T18:14:19,48,On Time,2025-11-13T17:36:13.050373
1226,DL,DEN,HND,2025-11-13T23:14:59,2025-11-13T23:17:59,10,On Time,2025-11-13T17:36:13.050373
1227,DL,DFW,HND,2025-11-17T21:39:05,2025-11-17T21:43:05,32,On Time,2025-11-13T17:36:13.051371
1228,BA,JFK,FRA,2025-11-15T07:13:52,2025-11-15T08:58:52,59,Departed,2025-11-13T17:36:13.051371
1229,DL,AMS,LHR,2025-11-17T21:56:09,2025-11-17T22:00:09,38,On Time,2025-11-13T17:36:13.051371
1230,UA,HND,DXB,2025-11-16T17:27:33,2025-11-16T20:02:33,29,Departed,2025-11-13T17:36:13.051371
1231,AA,HND,DEN,2025-11-17T21:45:30,2025-11-18T00:07:30,33,Delayed,2025-11-13T17:36:13.051371
1232,UA,LAX,CDG,2025-11-20T12:40:28,2025-11-20T12:44:28,31,On Time,2025-11-13T17:36:13.051881
1233,LH,ORD,AMS,2025-11-18T20:34:18,,,Cancelled,2025-11-13T17:36:13.051881
1234,W6,LHR,DXB,2025-11-17T20:27:42,2025-11-17T22:26:42,16,Departed,2025-11-13T17:36:13.051881
1235,UA,LHR,DXB,2025-11-15T14:07:24,2025-11-15T16:12:24,40,Departed,2025-11-13T17:36:13.051881
1236,SQ,DXB,KBP,2025-11-18T19:38:51,,,Cancelled,2025-11-13T17:36:13.051881
1237,AA,JFK,DXB,2025-11-17T14:33:46,2025-11-17T17:29:46,32,Departed,2025-11-13T17:36:13.051881
1238,AF,DXB,ORD,2025-11-17T20:02:11,,,Cancelled,2025-11-13T17:36:13.051881
1239,SQ,HND,WAW,2025-11-20T17:18:19,2025-11-20T17:56:19,41,Delayed,2025-11-13T17:36:13.051881
1240,U2,JFK,CDG,2025-11-18T06:44:58,2025-11-18T08:09:58,44,Departed,2025-11-13T17:36:13.051881
1241,SQ,DFW,JFK,2025-11-16T14:15:27,2025-11-16T16:23:27,52,Arrived,2025-11-13T17:36:13.051881
1242,DL,CDG,DFW,2025-11-14T03:45:22,2025-11-14T06:22:22,19,Delayed,2025-11-13T17:36:13.051881
1243,EK,CDG,FRA,2025-11-15T08:38:13,2025-11-15T08:41:13,56,On Time,2025-11-13T17:36:13.051881
1244,AF,KBP,FRA,2025-11-18T21:53:59,2025-11-18T23:00:59,9,Arrived,2025-11-13T17:36:13.051881
1245,BA,KBP,LAX,2025-11-17T14:45:47,2025-11-17T16:43:47,54,Delayed,2025-11-13T17:36:13.052893
1246,EK,WAW,FRA,2025-11-17T08:45:22,2025-11-17T10:36:22,43,Arrived,2025-11-13T17:36:13.052893
1247,UA,LAX,WAW,2025-11-13T22:37:15,2025-11-14T01:29:15,58,Departed,2025-11-13T17:36:13.052893
1248,AF,WAW,AMS,2025-11-20T05:54:38,,,Cancelled,2025-11-13T17:36:13.052893
1249,UA,ORD,WAW,2025-11-18T02:26:52,2025-11-18T03:04:52,42,Departed,2025-11-13T17:36:13.052893
1250,AF,HND,AMS,2025-11-20T12:40:33,2025-11-20T14:07:33,54,Delayed,2025-11-13T17:36:13.052893
1251,AA,CDG,DXB,2025-11-19T10:58:30,2025-11-19T11:46:30,36,Departed,2025-11-13T17:36:13.052893
1252,LH,CDG,ORD,2025-11-19T01:48:45,,,Cancelled,2025-11-13T17:36:13.052893
1253,U2,FRA,LAX,2025-11-13T23:45:42,2025-11-14T02:33:42,43,Delayed,2025-11-13T17:36:13.052893
1254,BA,LHR,ATL,2025-11-16T11:45:59,,,Cancelled,2025-11-13T17:36:13.052893
1255,U2,ATL,HND,2025-11-18T17:07:02,2025-11-18T18:51:02,29,Arrived,2025-11-13T17:36:13.052893
1256,BA,FRA,ATL,2025-11-19T03:15:14,2025-11-19T04:21:14,35,Departed,2025-11-13T17:36:13.052893
1257,DL,KBP,HND,2025-11-16T07:44:08,2025-11-16T10:34:08,4,Arrived,2025-11-13T17:36:13.052893
1258,UA,WAW,ORD,2025-11-19T23:02:46,2025-11-19T23:57:46,21,Delayed,2025-11-13T17:36:13.052893
1259,W6,FRA,DFW,2025-11-15T06:22:04,2025-11-15T06:27:04,15,On Time,2025-11-13T17:36:13.052893
1260,U2,JFK,ORD,2025-11-18T16:44:39,,,Cancelled,2025-11-13T17:36:13.052893
1261,W6,DFW,DEN,2025-11-19T09:25:06,2025-11-19T09:26:06,50,On Time,2025-11-13T17:36:13.052893
1262,BA,JFK,WAW,2025-11-20T14:34:20,2025-11-20T14:35:20,24,On Time,2025-11-13T17:36:13.052893
1263,W6,DFW,LAX,2025-11-16T02:03:30,2025-11-16T02:52:30,8,Delayed,2025-11-13T17:36:13.052893
1264,W6,LHR,DFW,2025-11-15T19:44:25,2025-11-15T19:46:25,30,On Time,2025-11-13T17:36:13.053895
1265,U2,CDG,DXB,2025-11-16T11:17:00,2025-11-16T13:13:00,50,Departed,2025-11-13T17:36:13.053895
1266,BA,ORD,JFK,2025-11-18T05:53:54,2025-11-18T07:08:54,20,Departed,2025-11-13T17:36:13.053895
1267,LH,ORD,WAW,2025-11-18T00:16:35,2025-11-18T01:16:35,45,Delayed,2025-11-13T17:36:13.053895
1268,EK,WAW,DEN,2025-11-20T07:12:54,2025-11-20T07:56:54,46,Arrived,2025-11-13T17:36:13.053895
1269,AF,CDG,KBP,2025-11-13T21:37:46,,,Cancelled,2025-11-13T17:36:13.053895
1270,W6,ORD,KBP,2025-11-14T08:23:03,2025-11-14T08:23:03,26,On Time,2025-11-13T17:36:13.053895
1271,AF,LHR,ATL,2025-11-16T09:04:39,2025-11-16T10:04:39,30,Arrived,2025-11-13T17:36:13.053895
1272,SQ,ATL,LHR,2025-11-18T07:07:53,,,Cancelled,2025-11-13T17:36:13.053895
1273,AF,LHR,WAW,2025-11-19T23:17:33,2025-11-19T23:22:33,14,On Time,2025-11-13T17:36:13.053895
1274,SQ,LAX,HND,2025-11-18T02:34:20,2025-11-18T02:57:20,23,Delayed,2025-11-13T17:36:13.053895
1275,DL,ORD,KBP,2025-11-15T15:18:15,,,Cancelled,2025-11-13T17:36:13.053895
1276,W6,ORD,LAX,2025-11-16T10:57:39,,,Cancelled,2025-11-13T17:36:13.053895
1277,AF,LHR,ATL,2025-11-15T13:45:27,2025-11-15T15:19:27,1,Departed,2025-11-13T17:36:13.053895
1278,AF,JFK,WAW,2025-11-13T19:48:44,2025-11-13T20:09:44,50,Departed,2025-11-13T17:36:13.053895
1279,SQ,ATL,DEN,2025-11-16T17:40:05,,,Cancelled,2025-11-13T17:36:13.053895
1280,W6,LAX,KBP,2025-11-19T14:35:04,2025-11-19T17:07:04,44,Arrived,2025-11-13T17:36:13.053895
1281,U2,HND,LHR,2025-11-13T22:03:42,2025-11-13T23:39:42,25,Departed,2025-11-13T17:36:13.053895
1282,BA,ORD,LHR,2025-11-14T08:19:04,2025-11-14T10:07:04,10,Departed,2025-11-13T17:36:13.053895
1283,AF,WAW,ATL,2025-11-20T04:03:35,,,Cancelled,2025-11-13T17:36:13.053895
1284,UA,ORD,ATL,2025-11-18T19:17:54,2025-11-18T19:45:54,53,Arrived,2025-11-13T17:36:13.053895
1285,SQ,CDG,WAW,2025-11-19T17:25:46,,,Cancelled,2025-11-13T17:36:13.053895
1286,BA,DFW,ORD,2025-11-17T05:31:10,2025-11-17T07:16:10,8,Departed,2025-11-13T17:36:13.054894
1287,EK,AMS,CDG,2025-11-18T06:51:06,2025-11-18T09:38:06,6,Delayed,2025-11-13T17:36:13.054894
1288,EK,DEN,LHR,2025-11-14T22:12:47,2025-11-14T22:28:47,58,Departed,2025-11-13T17:36:13.054894
1289,AA,DEN,ORD,2025-11-20T12:19:49,2025-11-20T15:14:49,37,Arrived,2025-11-13T17:36:13.054894
1290,AA,DFW,JFK,2025-11-17T02:00:24,2025-11-17T04:23:24,52,Delayed,2025-11-13T17:36:13.054894
1291,SQ,ATL,FRA,2025-11-16T02:58:19,2025-11-16T04:19:19,39,Arrived,2025-11-13T17:36:13.054894
1292,AA,DFW,ATL,2025-11-19T14:08:52,2025-11-19T14:11:52,4,On Time,2025-11-13T17:36:13.054894
1293,DL,LAX,LHR,2025-11-20T05:24:49,,,Cancelled,2025-11-13T17:36:13.054894
1294,U2,DEN,WAW,2025-11-17T18:05:43,2025-11-17T19:41:43,48,Delayed,2025-11-13T17:36:13.054894
1295,AA,AMS,DEN,2025-11-18T01:29:02,2025-11-18T01:31:02,43,On Time,2025-11-13T17:36:13.054894
1296,BA,DFW,WAW,2025-11-20T11:21:02,2025-11-20T11:44:02,14,Arrived,2025-11-13T17:36:13.054894
1297,EK,CDG,DXB,2025-11-15T17:16:20,,,Cancelled,2025-11-13T17:36:13.054894
1298,LH,CDG,FRA,2025-11-18T13:10:44,,,Cancelled,2025-11-13T17:36:13.054894
1299,AF,KBP,HND,2025-11-17T19:14:48,2025-11-17T22:10:48,7,Delayed,2025-11-13T17:36:13.054894
1300,AA,JFK,KBP,2025-11-19T13:17:32,2025-11-19T15:57:32,56,Departed,2025-11-13T17:36:13.054894
1301,SQ,FRA,DFW,2025-11-15T05:56:33,2025-11-15T08:28:33,42,Arrived,2025-11-13T17:36:13.054894
1302,W6,ATL,CDG,2025-11-13T21:17:06,2025-11-13T22:55:06,48,Delayed,2025-11-13T17:36:13.055895
1303,BA,HND,LHR,2025-11-15T14:07:32,,,Cancelled,2025-11-13T17:36:13.055895
1304,BA,ORD,CDG,2025-11-19T18:09:44,2025-11-19T18:14:44,38,On Time,2025-11-13T17:36:13.055895
1305,LH,CDG,DXB,2025-11-14T01:25:23,2025-11-14T02:17:23,49,Delayed,2025-11-13T17:36:13.055895
1306,BA,DXB,CDG,2025-11-14T11:45:06,,,Cancelled,2025-11-13T17:36:13.055895
1307,BA,DXB,FRA,2025-11-17T16:25:41,2025-11-17T18:15:41,55,Departed,2025-11-13T17:36:13.055895
1308,W6,HND,KBP,2025-11-15T02:23:49,2025-11-15T02:26:49,38,On Time,2025-11-13T17:36:13.055895
1309,AA,FRA,LAX,2025-11-19T15:38:21,,,Cancelled,2025-11-13T17:36:13.055895
1310,U2,LHR,KBP,2025-11-15T04:27:48,2025-11-15T04:31:48,36,On Time,2025-11-13T17:36:13.059909
1311,U2,HND,JFK,2025-11-19T23:58:21,2025-11-20T00:01:21,6,On Time,2025-11-13T17:36:13.059909
1312,LH,DFW,LHR,2025-11-15T19:53:53,2025-11-15T22:10:53,15,Departed,2025-11-13T17:36:13.059909
1313,BA,HND,KBP,2025-11-19T09:38:01,2025-11-19T12:33:01,25,Arrived,2025-11-13T17:36:13.060910
1314,U2,DFW,JFK,2025-11-19T09:30:18,2025-11-19T10:18:18,29,Arrived,2025-11-13T17:36:13.060910
1315,BA,DFW,LAX,2025-11-17T17:34:47,2025-11-17T17:38:47,35,On Time,2025-11-13T17:36:13.060910
1316,AF,WAW,LAX,2025-11-14T09:25:17,2025-11-14T10:36:17,31,Arrived,2025-11-13T17:36:13.060910
1317,AF,LHR,WAW,2025-11-19T14:00:50,2025-11-19T14:15:50,19,Arrived,2025-11-13T17:36:13.060910
1318,BA,AMS,DEN,2025-11-18T00:53:26,2025-11-18T02:44:26,9,Departed,2025-11-13T17:36:13.060910
1319,BA,LAX,FRA,2025-11-14T20:54:48,2025-11-14T21:56:48,18,Arrived,2025-11-13T17:36:13.060910
1320,SQ,LHR,DEN,2025-11-18T20:45:49,2025-11-18T23:15:49,25,Departed,2025-11-13T17:36:13.060910
1321,LH,FRA,DXB,2025-11-14T21:22:24,2025-11-14T22:59:24,19,Departed,2025-11-13T17:36:13.060910
1322,BA,AMS,CDG,2025-11-19T15:10:42,2025-11-19T16:29:42,56,Departed,2025-11-13T17:36:13.060910
1323,AF,AMS,ORD,2025-11-17T14:19:09,,,Cancelled,2025-11-13T17:36:13.060910
1324,BA,DFW,FRA,2025-11-19T17:56:13,2025-11-19T19:48:13,56,Delayed,2025-11-13T17:36:13.060910
1325,AA,JFK,FRA,2025-11-20T13:43:17,2025-11-20T13:47:17,18,On Time,2025-11-13T17:36:13.060910
1326,UA,JFK,AMS,2025-11-16T21:11:03,2025-11-16T23:39:03,22,Arrived,2025-11-13T17:36:13.060910
1327,UA,FRA,LAX,2025-11-16T00:59:02,2025-11-16T01:19:02,15,Arrived,2025-11-13T17:36:13.060910
1328,AF,DEN,HND,2025-11-17T09:18:46,2025-11-17T12:08:46,36,Departed,2025-11-13T17:36:13.060910
1329,BA,FRA,DEN,2025-11-15T06:08:54,2025-11-15T06:44:54,3,Arrived,2025-11-13T17:36:13.060910
1330,UA,FRA,WAW,2025-11-19T18:37:56,2025-11-19T18:39:56,46,On Time,2025-11-13T17:36:13.061907
1331,W6,ORD,KBP,2025-11-17T08:08:27,,,Cancelled,2025-11-13T17:36:13.061907
1332,U2,WAW,LHR,2025-11-15T08:09:35,2025-11-15T08:49:35,14,Arrived,2025-11-13T17:36:13.061907
1333,U2,LAX,KBP,2025-11-20T08:02:43,2025-11-20T09:24:43,53,Arrived,2025-11-13T17:36:13.061907
1334,LH,DXB,DFW,2025-11-17T20:42:38,2025-11-17T21:15:38,8,Departed,2025-11-13T17:36:13.061907
1335,UA,FRA,ORD,2025-11-20T16:18:42,2025-11-20T18:54:42,21,Departed,2025-11-13T17:36:13.061907
1336,SQ,CDG,DXB,2025-11-14T11:44:03,2025-11-14T12:00:03,24,Departed,2025-11-13T17:36:13.061907
1337,LH,ORD,JFK,2025-11-18T08:28:02,2025-11-18T09:13:02,41,Departed,2025-11-13T17:36:13.061907
1338,UA,WAW,LHR,2025-11-16T09:01:41,2025-11-16T10:13:41,40,Arrived,2025-11-13T17:36:13.061907
1339,AA,HND,AMS,2025-11-18T14:51:55,2025-11-18T15:36:55,18,Departed,2025-11-13T17:36:13.061907
1340,DL,FRA,HND,2025-11-15T16:06:02,2025-11-15T16:26:02,15,Arrived,2025-11-13T17:36:13.061907
1341,DL,LAX,LHR,2025-11-17T03:32:58,2025-11-17T03:33:58,25,On Time,2025-11-13T17:36:13.061907
1342,UA,DXB,ATL,2025-11-20T11:58:01,,,Cancelled,2025-11-13T17:36:13.061907
1343,AF,CDG,ORD,2025-11-17T13:56:18,2025-11-17T15:56:18,11,Departed,2025-11-13T17:36:13.061907
1344,LH,DFW,WAW,2025-11-15T00:49:43,2025-11-15T00:51:43,25,On Time,2025-11-13T17:36:13.061907
1345,AF,CDG,DXB,2025-11-14T07:35:08,2025-11-14T10:01:08,21,Delayed,2025-11-13T17:36:13.061907
1346,DL,LHR,KBP,2025-11-15T05:15:20,,,Cancelled,2025-11-13T17:36:13.061907
1347,AA,WAW,LAX,2025-11-17T10:18:37,,,Cancelled,2025-11-13T17:36:13.062915
1348,SQ,LAX,ORD,2025-11-14T23:15:30,2025-11-14T23:16:30,20,On Time,2025-11-13T17:36:13.062915
1349,SQ,ORD,LHR,2025-11-18T08:02:07,2025-11-18T08:07:07,43,On Time,2025-11-13T17:36:13.062915
1350,EK,AMS,HND,2025-11-19T00:49:18,,,Cancelled,2025-11-13T17:36:13.062915
1351,SQ,HND,FRA,2025-11-13T17:50:05,2025-11-13T18:42:05,38,Arrived,2025-11-13T17:36:13.062915
1352,EK,DFW,KBP,2025-11-20T10:21:38,2025-11-20T10:24:38,21,On Time,2025-11-13T17:36:13.062915
1353,UA,ATL,LHR,2025-11-19T11:47:05,2025-11-19T13:32:05,24,Departed,2025-11-13T17:36:13.062915
1354,SQ,LHR,JFK,2025-11-17T04:09:41,2025-11-17T04:13:41,6,On Time,2025-11-13T17:36:13.062915
1355,UA,WAW,LAX,2025-11-15T12:28:05,2025-11-15T14:44:05,21,Departed,2025-11-13T17:36:13.062915
1356,UA,JFK,ATL,2025-11-16T21:55:54,2025-11-16T23:48:54,55,Arrived,2025-11-13T17:36:13.063912
1357,LH,LAX,CDG,2025-11-16T08:16:21,2025-11-16T10:57:21,53,Departed,2025-11-13T17:36:13.063912
1358,SQ,LHR,HND,2025-11-18T03:41:17,2025-11-18T05:59:17,59,Delayed,2025-11-13T17:36:13.063912
1359,SQ,LAX,ATL,2025-11-15T09:19:15,2025-11-15T09:23:15,50,On Time,2025-11-13T17:36:13.063912
1360,AA,CDG,DFW,2025-11-14T20:32:45,,,Cancelled,2025-11-13T17:36:13.063912
1361,SQ,FRA,AMS,2025-11-13T19:50:19,2025-11-13T21:44:19,43,Delayed,2025-11-13T17:36:13.063912
1362,BA,KBP,CDG,2025-11-19T07:38:15,2025-11-19T08:44:15,1,Departed,2025-11-13T17:36:13.063912
1363,AA,WAW,ORD,2025-11-19T01:03:17,2025-11-19T01:39:17,52,Delayed,2025-11-13T17:36:13.063912
1364,U2,ATL,KBP,2025-11-15T15:35:09,2025-11-15T16:24:09,23,Arrived,2025-11-13T17:36:13.063912
1365,EK,KBP,WAW,2025-11-15T16:17:36,2025-11-15T16:18:36,17,On Time,2025-11-13T17:36:13.063912
1366,AA,JFK,DEN,2025-11-18T09:03:40,2025-11-18T11:45:40,5,Delayed,2025-11-13T17:36:13.063912
1367,W6,FRA,JFK,2025-11-20T11:15:03,2025-11-20T11:17:03,29,On Time,2025-11-13T17:36:13.063912
1368,BA,DFW,LAX,2025-11-18T20:45:09,2025-11-18T22:55:09,53,Arrived,2025-11-13T17:36:13.063912
1369,UA,DXB,ATL,2025-11-15T09:06:50,,,Cancelled,2025-11-13T17:36:13.063912
1370,W6,HND,KBP,2025-11-14T16:46:03,,,Cancelled,2025-11-13T17:36:13.063912
1371,DL,DFW,CDG,2025-11-15T22:52:43,,,Cancelled,2025-11-13T17:36:13.063912
1372,U2,LAX,WAW,2025-11-14T22:50:28,,,Cancelled,2025-11-13T17:36:13.063912
1373,LH,LAX,HND,2025-11-18T09:55:18,2025-11-18T12:05:18,6,Departed,2025-11-13T17:36:13.063912
1374,BA,LAX,ORD,2025-11-17T21:40:43,2025-11-18T00:26:43,57,Departed,2025-11-13T17:36:13.063912
1375,UA,JFK,HND,2025-11-20T00:44:47,2025-11-20T02:15:47,37,Departed,2025-11-13T17:36:13.063912
1376,AA,WAW,FRA,2025-11-19T13:55:52,,,Cancelled,2025-11-13T17:36:13.063912
1377,LH,DXB,DEN,2025-11-17T03:06:21,,,Cancelled,2025-11-13T17:36:13.064913
1378,BA,JFK,ORD,2025-11-15T01:43:08,2025-11-15T04:09:08,25,Delayed,2025-11-13T17:36:13.064913
1379,W6,AMS,LAX,2025-11-18T06:13:38,,,Cancelled,2025-11-13T17:36:13.064913
1380,U2,WAW,DFW,2025-11-20T12:58:50,2025-11-20T12:58:50,14,On Time,2025-11-13T17:36:13.064913
1381,BA,DEN,ORD,2025-11-20T12:14:06,2025-11-20T13:33:06,55,Departed,2025-11-13T17:36:13.064913
1382,EK,WAW,LHR,2025-11-18T23:54:34,2025-11-19T00:59:34,50,Delayed,2025-11-13T17:36:13.064913
1383,EK,ORD,LHR,2025-11-15T15:14:35,,,Cancelled,2025-11-13T17:36:13.064913
1384,W6,ATL,WAW,2025-11-19T07:28:09,2025-11-19T10:02:09,52,Arrived,2025-11-13T17:36:13.064913
1385,AF,KBP,ORD,2025-11-14T05:55:10,2025-11-14T06:24:10,6,Delayed,2025-11-13T17:36:13.064913
1386,AF,CDG,AMS,2025-11-15T07:25:08,2025-11-15T07:41:08,7,Arrived,2025-11-13T17:36:13.064913
1387,EK,DXB,LHR,2025-11-14T16:25:57,,,Cancelled,2025-11-13T17:36:13.064913
1388,U2,WAW,KBP,2025-11-20T12:02:13,,,Cancelled,2025-11-13T17:36:13.064913
1389,AF,ATL,WAW,2025-11-19T06:21:52,2025-11-19T08:09:52,24,Departed,2025-11-13T17:36:13.064913
1390,LH,ATL,HND,2025-11-15T16:57:02,2025-11-15T17:43:02,13,Delayed,2025-11-13T17:36:13.064913
1391,BA,CDG,JFK,2025-11-20T08:52:38,2025-11-20T08:52:38,58,On Time,2025-11-13T17:36:13.064913
1392,AA,AMS,ORD,2025-11-19T21:42:38,2025-11-20T00:20:38,22,Delayed,2025-11-13T17:36:13.064913
1393,UA,FRA,DEN,2025-11-19T20:08:44,2025-11-19T20:09:44,42,On Time,2025-11-13T17:36:13.064913
1394,EK,DEN,WAW,2025-11-19T19:15:56,2025-11-19T21:45:56,1,Arrived,2025-11-13T17:36:13.064913
1395,AA,DXB,DFW,2025-11-20T15:32:38,,,Cancelled,2025-11-13T17:36:13.064913
1396,LH,ATL,KBP,2025-11-20T01:18:27,,,Cancelled,2025-11-13T17:36:13.064913
1397,LH,DEN,DXB,2025-11-15T22:01:07,2025-11-15T22:24:07,34,Arrived,2025-11-13T17:36:13.064913
1398,U2,DFW,DEN,2025-11-14T07:20:00,2025-11-14T08:59:00,32,Delayed,2025-11-13T17:36:13.064913
1399,LH,LHR,HND,2025-11-16T05:59:22,2025-11-16T06:18:22,43,Departed,2025-11-13T17:36:13.064913
1400,SQ,JFK,AMS,2025-11-19T00:08:48,2025-11-19T00:41:48,43,Delayed,2025-11-13T17:36:13.064913
1401,EK,WAW,DFW,2025-11-14T21:57:12,,,Cancelled,2025-11-13T17:36:13.064913
1402,UA,LAX,DEN,2025-11-16T12:18:27,2025-11-16T13:36:27,56,Departed,2025-11-13T17:36:13.064913
1403,SQ,CDG,LHR,2025-11-16T05:15:22,2025-11-16T05:37:22,57,Arrived,2025-11-13T17:36:13.064913
1404,UA,CDG,AMS,2025-11-14T22:26:56,2025-11-14T22:29:56,38,On Time,2025-11-13T17:36:13.064913
1405,LH,CDG,LHR,2025-11-18T09:10:51,,,Cancelled,2025-11-13T17:36:13.065946
1406,AA,WAW,AMS,2025-11-14T15:49:23,2025-11-14T18:02:23,5,Departed,2025-11-13T17:36:13.065946
1407,DL,CDG,AMS,2025-11-14T04:54:10,2025-11-14T04:58:10,36,On Time,2025-11-13T17:36:13.065946
1408,W6,ORD,JFK,2025-11-15T13:55:31,2025-11-15T15:56:31,44,Arrived,2025-11-13T17:36:13.065946
1409,SQ,DXB,ORD,2025-11-16T05:49:25,2025-11-16T05:53:25,34,On Time,2025-11-13T17:36:13.065946
1410,EK,KBP,ATL,2025-11-17T01:52:44,2025-11-17T03:44:44,12,Delayed,2025-11-13T17:36:13.065946
1411,DL,JFK,WAW,2025-11-15T01:36:49,,,Cancelled,2025-11-13T17:36:13.065946
1412,W6,WAW,AMS,2025-11-19T08:45:15,2025-11-19T09:25:15,51,Delayed,2025-11-13T17:36:13.065946
1413,AF,CDG,KBP,2025-11-17T12:47:15,2025-11-17T12:47:15,37,On Time,2025-11-13T17:36:13.065946
1414,AF,ORD,KBP,2025-11-18T14:06:21,,,Cancelled,2025-11-13T17:36:13.065946
1415,EK,HND,FRA,2025-11-14T02:14:12,2025-11-14T03:18:12,14,Delayed,2025-11-13T17:36:13.065946
1416,W6,LHR,WAW,2025-11-15T11:17:52,2025-11-15T13:28:52,19,Arrived,2025-11-13T17:36:13.065946
1417,AF,LHR,FRA,2025-11-17T14:06:33,2025-11-17T16:06:33,20,Arrived,2025-11-13T17:36:13.065946
1418,SQ,JFK,LAX,2025-11-14T06:12:49,2025-11-14T08:04:49,55,Arrived,2025-11-13T17:36:13.065946
1419,UA,DEN,DXB,2025-11-18T19:10:25,2025-11-18T20:47:25,25,Delayed,2025-11-13T17:36:13.065946
1420,UA,AMS,ATL,2025-11-16T22:26:43,2025-11-16T23:57:43,56,Arrived,2025-11-13T17:36:13.065946
1421,AA,HND,ATL,2025-11-18T16:55:29,2025-11-18T16:55:29,31,On Time,2025-11-13T17:36:13.065946
1422,AF,KBP,AMS,2025-11-18T17:50:07,2025-11-18T18:42:07,34,Departed,2025-11-13T17:36:13.065946
1423,DL,KBP,DXB,2025-11-19T16:44:06,2025-11-19T16:45:06,30,On Time,2025-11-13T17:36:13.065946
1424,EK,KBP,ORD,2025-11-13T20:43:51,2025-11-13T20:44:51,16,On Time,2025-11-13T17:36:13.065946
1425,AA,HND,JFK,2025-11-20T16:58:00,2025-11-20T19:25:00,3,Arrived,2025-11-13T17:36:13.065946
1426,DL,LHR,KBP,2025-11-18T03:09:43,2025-11-18T04:59:43,6,Departed,2025-11-13T17:36:13.065946
1427,BA,CDG,DXB,2025-11-17T01:44:17,2025-11-17T01:47:17,11,On Time,2025-11-13T17:36:13.065946
1428,U2,AMS,FRA,2025-11-17T11:13:33,2025-11-17T12:26:33,35,Delayed,2025-11-13T17:36:13.065946
1429,EK,AMS,WAW,2025-11-20T13:11:59,,,Cancelled,2025-11-13T17:36:13.065946
1430,AF,LHR,JFK,2025-11-14T13:57:49,2025-11-14T16:43:49,4,Delayed,2025-11-13T17:36:13.065946
1431,U2,CDG,DEN,2025-11-20T01:52:14,2025-11-20T01:55:14,60,On Time,2025-11-13T17:36:13.065946
1432,BA,LAX,FRA,2025-11-17T17:37:06,2025-11-17T18:19:06,33,Departed,2025-11-13T17:36:13.066929
1433,DL,DFW,ATL,2025-11-14T00:25:31,2025-11-14T01:58:31,36,Arrived,2025-11-13T17:36:13.066929
1434,W6,KBP,DXB,2025-11-19T22:12:30,2025-11-19T23:46:30,44,Delayed,2025-11-13T17:36:13.066929
1435,DL,CDG,ORD,2025-11-18T07:31:43,2025-11-18T08:01:43,38,Delayed,2025-11-13T17:36:13.066929
1436,BA,DFW,LAX,2025-11-14T00:21:54,,,Cancelled,2025-11-13T17:36:13.066929
1437,LH,DFW,LAX,2025-11-20T07:38:59,,,Cancelled,2025-11-13T17:36:13.066929
1438,LH,HND,KBP,2025-11-17T18:08:15,2025-11-17T20:54:15,2,Departed,2025-11-13T17:36:13.066929
1439,SQ,CDG,KBP,2025-11-20T04:31:13,2025-11-20T07:06:13,57,Delayed,2025-11-13T17:36:13.066929
1440,SQ,HND,LHR,2025-11-16T10:06:00,2025-11-16T10:39:00,14,Arrived,2025-11-13T17:36:13.066929
1441,U2,AMS,HND,2025-11-16T21:57:44,2025-11-16T23:49:44,16,Arrived,2025-11-13T17:36:13.066929
1442,AA,WAW,CDG,2025-11-14T04:29:13,,,Cancelled,2025-11-13T17:36:13.066929
1443,W6,CDG,WAW,2025-11-15T21:00:51,2025-11-15T21:03:51,38,On Time,2025-11-13T17:36:13.066929
1444,W6,JFK,HND,2025-11-16T16:06:04,2025-11-16T18:59:04,21,Delayed,2025-11-13T17:36:13.066929
1445,U2,JFK,AMS,2025-11-15T10:43:30,2025-11-15T12:02:30,38,Arrived,2025-11-13T17:36:13.066929
1446,UA,KBP,HND,2025-11-19T16:44:19,2025-11-19T19:03:19,12,Arrived,2025-11-13T17:36:13.066929
1447,AA,DEN,KBP,2025-11-17T04:02:40,2025-11-17T06:24:40,40,Departed,2025-11-13T17:36:13.066929
1448,SQ,HND,ATL,2025-11-14T01:24:42,2025-11-14T01:28:42,6,On Time,2025-11-13T17:36:13.066929
1449,SQ,LHR,HND,2025-11-19T14:52:01,,,Cancelled,2025-11-13T17:36:13.066929
1450,W6,JFK,ATL,2025-11-19T08:38:11,2025-11-19T08:59:11,37,Delayed,2025-11-13T17:36:13.066929
1451,DL,DXB,AMS,2025-11-16T19:32:29,2025-11-16T21:10:29,28,Arrived,2025-11-13T17:36:13.066929
1452,UA,WAW,HND,2025-11-20T03:35:52,2025-11-20T03:36:52,60,On Time,2025-11-13T17:36:13.066929
1453,UA,ORD,FRA,2025-11-14T05:21:06,2025-11-14T05:26:06,47,On Time,2025-11-13T17:36:13.066929
1454,SQ,WAW,ATL,2025-11-15T14:02:55,2025-11-15T15:52:55,33,Departed,2025-11-13T17:36:13.066929
1455,UA,HND,JFK,2025-11-14T15:01:46,2025-11-14T17:31:46,3,Arrived,2025-11-13T17:36:13.067931
1456,UA,DFW,DXB,2025-11-19T17:37:30,2025-11-19T17:37:30,38,On Time,2025-11-13T17:36:13.067931
1457,SQ,WAW,LAX,2025-11-18T20:37:56,2025-11-18T23:29:56,16,Arrived,2025-11-13T17:36:13.067931
1458,UA,HND,DFW,2025-11-18T23:28:18,,,Cancelled,2025-11-13T17:36:13.067931
1459,AA,FRA,AMS,2025-11-16T16:40:41,2025-11-16T17:15:41,33,Departed,2025-11-13T17:36:13.067931
1460,BA,HND,ATL,2025-11-16T12:35:06,,,Cancelled,2025-11-13T17:36:13.067931
1461,BA,JFK,WAW,2025-11-19T08:09:27,,,Cancelled,2025-11-13T17:36:13.067931
1462,AF,KBP,DXB,2025-11-20T16:02:29,2025-11-20T16:07:29,32,On Time,2025-11-13T17:36:13.067931
1463,W6,DEN,WAW,2025-11-17T04:46:52,2025-11-17T06:46:52,31,Arrived,2025-11-13T17:36:13.067931
1464,DL,JFK,ATL,2025-11-20T01:43:03,2025-11-20T01:45:03,58,On Time,2025-11-13T17:36:13.067931
1465,SQ,LAX,JFK,2025-11-16T02:22:45,2025-11-16T03:51:45,36,Departed,2025-11-13T17:36:13.067931
1466,LH,AMS,CDG,2025-11-16T19:02:38,2025-11-16T19:34:38,10,Departed,2025-11-13T17:36:13.067931
1467,U2,LAX,FRA,2025-11-17T03:32:32,2025-11-17T05:03:32,39,Arrived,2025-11-13T17:36:13.067931
1468,LH,LHR,LAX,2025-11-18T07:24:51,2025-11-18T07:27:51,14,On Time,2025-11-13T17:36:13.067931
1469,DL,KBP,CDG,2025-11-15T23:14:58,2025-11-15T23:19:58,35,On Time,2025-11-13T17:36:13.067931
1470,AF,HND,DXB,2025-11-13T19:23:36,,,Cancelled,2025-11-13T17:36:13.067931
1471,SQ,LHR,CDG,2025-11-17T13:08:47,2025-11-17T13:27:47,22,Delayed,2025-11-13T17:36:13.067931
1472,W6,CDG,KBP,2025-11-17T11:49:03,2025-11-17T13:24:03,25,Arrived,2025-11-13T17:36:13.067931
1473,W6,FRA,AMS,2025-11-20T10:48:38,2025-11-20T10:52:38,38,On Time,2025-11-13T17:36:13.067931
1474,W6,LHR,FRA,2025-11-17T20:20:57,2025-11-17T21:07:57,3,Arrived,2025-11-13T17:36:13.067931
1475,EK,KBP,CDG,2025-11-19T20:42:13,2025-11-19T21:00:13,51,Arrived,2025-11-13T17:36:13.067931
1476,DL,ORD,ATL,2025-11-16T20:56:48,2025-11-16T20:59:48,44,On Time,2025-11-13T17:36:13.067931
1477,AF,LHR,WAW,2025-11-18T05:06:11,2025-11-18T07:55:11,31,Arrived,2025-11-13T17:36:13.067931
1478,LH,HND,LAX,2025-11-17T00:16:34,2025-11-17T00:16:34,42,On Time,2025-11-13T17:36:13.067931
1479,DL,JFK,LHR,2025-11-19T19:59:44,2025-11-19T20:19:44,38,Delayed,2025-11-13T17:36:13.067931
1480,SQ,JFK,ATL,2025-11-16T21:55:16,2025-11-16T22:00:16,59,On Time,2025-11-13T17:36:13.067931
1481,W6,CDG,DFW,2025-11-15T19:42:49,2025-11-15T19:47:49,9,On Time,2025-11-13T17:36:13.068910
1482,DL,JFK,ATL,2025-11-20T06:26:22,2025-11-20T09:15:22,27,Departed,2025-11-13T17:36:13.068910
1483,LH,ATL,JFK,2025-11-13T22:24:56,2025-11-14T00:24:56,35,Departed,2025-11-13T17:36:13.068910
1484,SQ,WAW,DEN,2025-11-20T01:07:28,,,Cancelled,2025-11-13T17:36:13.068910
1485,EK,LHR,ATL,2025-11-16T16:47:46,2025-11-16T17:38:46,1,Arrived,2025-11-13T17:36:13.068910
1486,SQ,FRA,HND,2025-11-16T17:04:15,2025-11-16T19:40:15,31,Arrived,2025-11-13T17:36:13.068910
1487,DL,DXB,JFK,2025-11-17T09:10:06,,,Cancelled,2025-11-13T17:36:13.068910
1488,W6,AMS,ORD,2025-11-16T14:20:11,2025-11-16T14:35:11,44,Departed,2025-11-13T17:36:13.068910
1489,EK,DXB,HND,2025-11-15T00:10:59,,,Cancelled,2025-11-13T17:36:13.068910
1490,EK,WAW,ORD,2025-11-17T15:07:11,2025-11-17T15:12:11,19,On Time,2025-11-13T17:36:13.068910
1491,AA,LHR,ATL,2025-11-14T02:32:57,2025-11-14T05:29:57,48,Delayed,2025-11-13T17:36:13.068910
1492,W6,DEN,JFK,2025-11-19T20:40:17,2025-11-19T22:34:17,45,Arrived,2025-11-13T17:36:13.068910
1493,W6,JFK,WAW,2025-11-19T10:54:59,2025-11-19T13:41:59,20,Departed,2025-11-13T17:36:13.068910
1494,AF,LHR,WAW,2025-11-17T13:23:51,,,Cancelled,2025-11-13T17:36:13.068910
1495,W6,HND,AMS,2025-11-14T14:31:24,,,Cancelled,2025-11-13T17:36:13.068910
1496,UA,CDG,LHR,2025-11-20T17:17:51,,,Cancelled,2025-11-13T17:36:13.068910
1497,DL,FRA,AMS,2025-11-17T13:57:23,2025-11-17T14:27:23,34,Delayed,2025-11-13T17:36:13.068910
1498,W6,ATL,CDG,2025-11-18T14:02:23,2025-11-18T14:03:23,48,On Time,2025-11-13T17:36:13.068910
1499,EK,ATL,ORD,2025-11-19T01:46:47,2025-11-19T02:26:47,60,Departed,2025-11-13T17:36:13.068910
1500,UA,HND,LHR,2025-11-18T00:42:49,2025-11-18T02:45:49,52,Arrived,2025-11-13T17:36:13.068910
1501,EK,CDG,KBP,2025-11-19T10:55:31,,,Cancelled,2025-11-13T17:36:13.068910
1502,UA,HND,AMS,2025-11-15T13:25:14,2025-11-15T13:52:14,10,Arrived,2025-11-13T17:36:13.068910
1503,U2,FRA,ATL,2025-11-15T10:01:25,2025-11-15T10:58:25,53,Departed,2025-11-13T17:36:13.068910
1504,W6,ATL,FRA,2025-11-19T09:39:23,,,Cancelled,2025-11-13T17:36:13.068910
1505,AF,HND,DXB,2025-11-17T07:46:41,2025-11-17T10:06:41,36,Delayed,2025-11-13T17:36:13.069909
1506,AA,AMS,ORD,2025-11-19T02:30:16,2025-11-19T02:35:16,17,On Time,2025-11-13T17:36:13.069909
1507,EK,ATL,LHR,2025-11-13T21:04:33,2025-11-13T21:05:33,2,On Time,2025-11-13T17:36:13.069909
1508,BA,CDG,ATL,2025-11-16T22:05:55,2025-11-16T22:23:55,16,Arrived,2025-11-13T17:36:13.069909
1509,UA,ATL,DEN,2025-11-14T18:41:22,2025-11-14T18:46:22,15,On Time,2025-11-13T17:36:13.069909
1510,AF,DXB,AMS,2025-11-17T09:35:14,2025-11-17T09:35:14,40,On Time,2025-11-13T17:36:13.069909
1511,DL,ORD,DXB,2025-11-18T23:40:34,2025-11-19T02:02:34,48,Arrived,2025-11-13T17:36:13.069909
1512,U2,ATL,LAX,2025-11-20T06:51:16,2025-11-20T08:54:16,14,Arrived,2025-11-13T17:36:13.069909
1513,BA,AMS,JFK,2025-11-17T19:28:11,2025-11-17T20:47:11,41,Arrived,2025-11-13T17:36:13.069909
1514,W6,JFK,LAX,2025-11-19T18:39:49,2025-11-19T21:25:49,51,Delayed,2025-11-13T17:36:13.069909
1515,U2,ORD,CDG,2025-11-16T17:46:01,2025-11-16T19:24:01,1,Departed,2025-11-13T17:36:13.069909
1516,EK,DXB,LHR,2025-11-19T04:50:30,2025-11-19T05:18:30,24,Delayed,2025-11-13T17:36:13.069909
1517,BA,KBP,ORD,2025-11-13T18:57:22,2025-11-13T18:58:22,36,On Time,2025-11-13T17:36:13.069909
1518,AA,ORD,LHR,2025-11-20T11:48:52,2025-11-20T14:42:52,49,Delayed,2025-11-13T17:36:13.069909
1519,AF,ORD,DFW,2025-11-15T17:00:03,2025-11-15T17:05:03,56,On Time,2025-11-13T17:36:13.069909
1520,W6,DXB,CDG,2025-11-18T06:09:41,,,Cancelled,2025-11-13T17:36:13.069909
1521,BA,DFW,KBP,2025-11-18T19:50:50,2025-11-18T19:52:50,8,On Time,2025-11-13T17:36:13.069909
1522,U2,LAX,ORD,2025-11-19T01:21:11,2025-11-19T04:00:11,1,Departed,2025-11-13T17:36:13.069909
1523,UA,JFK,HND,2025-11-14T18:21:34,2025-11-14T18:22:34,55,On Time,2025-11-13T17:36:13.069909
1524,AA,JFK,HND,2025-11-15T05:15:43,2025-11-15T05:19:43,39,On Time,2025-11-13T17:36:13.069909
1525,DL,CDG,DEN,2025-11-18T17:03:42,2025-11-18T18:37:42,36,Arrived,2025-11-13T17:36:13.069909
1526,AA,LAX,DXB,2025-11-19T05:28:08,2025-11-19T06:59:08,24,Delayed,2025-11-13T17:36:13.069909
1527,UA,DFW,DXB,2025-11-14T20:01:49,2025-11-14T20:04:49,57,On Time,2025-11-13T17:36:13.069909
1528,AA,AMS,KBP,2025-11-19T18:54:02,2025-11-19T20:21:02,20,Arrived,2025-11-13T17:36:13.069909
1529,BA,HND,JFK,2025-11-14T08:48:24,2025-11-14T10:26:24,23,Arrived,2025-11-13T17:36:13.069909
1530,BA,CDG,ATL,2025-11-17T03:02:37,2025-11-17T03:43:37,38,Departed,2025-11-13T17:36:13.070916
1531,EK,DEN,JFK,2025-11-15T11:27:50,2025-11-15T12:50:50,11,Delayed,2025-11-13T17:36:13.070916
1532,EK,FRA,AMS,2025-11-19T06:44:09,,,Cancelled,2025-11-13T17:36:13.070916
1533,EK,KBP,ORD,2025-11-14T09:02:46,2025-11-14T09:05:46,28,On Time,2025-11-13T17:36:13.070916
1534,UA,DFW,HND,2025-11-14T20:47:39,2025-11-14T20:52:39,2,On Time,2025-11-13T17:36:13.070916
1535,AF,ATL,ORD,2025-11-18T01:45:37,2025-11-18T02:48:37,6,Departed,2025-11-13T17:36:13.070916
1536,DL,CDG,AMS,2025-11-15T03:35:48,2025-11-15T04:52:48,6,Departed,2025-11-13T17:36:13.070916
1537,DL,JFK,CDG,2025-11-19T17:41:45,,,Cancelled,2025-11-13T17:36:13.070916
1538,U2,KBP,FRA,2025-11-19T23:28:43,2025-11-20T00:08:43,37,Delayed,2025-11-13T17:36:13.070916
1539,UA,WAW,CDG,2025-11-19T23:52:55,2025-11-20T00:09:55,53,Departed,2025-11-13T17:36:13.070916
1540,LH,ORD,WAW,2025-11-14T09:12:04,2025-11-14T11:48:04,36,Arrived,2025-11-13T17:36:13.070916
1541,W6,JFK,ORD,2025-11-18T04:44:15,,,Cancelled,2025-11-13T17:36:13.070916
1542,UA,DXB,CDG,2025-11-14T01:05:25,2025-11-14T01:06:25,28,On Time,2025-11-13T17:36:13.070916
1543,AF,ATL,DFW,2025-11-15T06:16:30,2025-11-15T06:36:30,13,Departed,2025-11-13T17:36:13.070916
1544,EK,DEN,KBP,2025-11-19T18:04:03,2025-11-19T19:32:03,11,Delayed,2025-11-13T17:36:13.070916
1545,U2,DXB,AMS,2025-11-17T23:24:07,2025-11-17T23:28:07,48,On Time,2025-11-13T17:36:13.070916
1546,DL,ORD,DEN,2025-11-14T07:13:45,2025-11-14T07:13:45,2,On Time,2025-11-13T17:36:13.070916
1547,U2,DXB,HND,2025-11-17T20:40:04,2025-11-17T20:41:04,37,On Time,2025-11-13T17:36:13.070916
1548,LH,DXB,KBP,2025-11-17T13:09:20,,,Cancelled,2025-11-13T17:36:13.070916
1549,BA,HND,ORD,2025-11-14T17:57:33,2025-11-14T18:01:33,23,On Time,2025-11-13T17:36:13.070916
1550,LH,DFW,HND,2025-11-20T09:09:04,2025-11-20T09:10:04,30,On Time,2025-11-13T17:36:13.070916
1551,LH,CDG,HND,2025-11-19T02:37:58,2025-11-19T02:41:58,8,On Time,2025-11-13T17:36:13.070916
1552,LH,DFW,ATL,2025-11-18T22:59:21,2025-11-19T01:45:21,41,Departed,2025-11-13T17:36:13.070916
1553,U2,AMS,LHR,2025-11-14T17:30:04,,,Cancelled,2025-11-13T17:36:13.071915
1554,AA,ORD,FRA,2025-11-19T01:59:19,2025-11-19T03:54:19,57,Delayed,2025-11-13T17:36:13.071915
1555,DL,LAX,JFK,2025-11-20T08:02:04,2025-11-20T08:20:04,60,Departed,2025-11-13T17:36:13.071915
1556,SQ,JFK,CDG,2025-11-19T05:00:49,,,Cancelled,2025-11-13T17:36:13.071915
1557,U2,CDG,ATL,2025-11-19T09:01:26,,,Cancelled,2025-11-13T17:36:13.071915
1558,SQ,LHR,DXB,2025-11-17T11:13:47,2025-11-17T13:43:47,37,Arrived,2025-11-13T17:36:13.071915
1559,AF,KBP,HND,2025-11-20T10:30:56,,,Cancelled,2025-11-13T17:36:13.071915
1560,UA,DEN,CDG,2025-11-19T07:44:19,2025-11-19T09:16:19,30,Departed,2025-11-13T17:36:13.071915
1561,DL,DFW,FRA,2025-11-14T12:20:28,,,Cancelled,2025-11-13T17:36:13.072434
1562,SQ,CDG,DFW,2025-11-13T22:57:24,2025-11-14T00:08:24,52,Delayed,2025-11-13T17:36:13.072434
1563,LH,CDG,ORD,2025-11-18T23:23:59,2025-11-19T01:03:59,54,Delayed,2025-11-13T17:36:13.072434
1564,AF,HND,DXB,2025-11-19T06:09:04,2025-11-19T08:31:04,58,Arrived,2025-11-13T17:36:13.072434
1565,SQ,JFK,KBP,2025-11-16T12:23:28,2025-11-16T15:10:28,16,Arrived,2025-11-13T17:36:13.072434
1566,LH,ORD,FRA,2025-11-19T21:28:49,2025-11-20T00:19:49,42,Departed,2025-11-13T17:36:13.072434
1567,AF,HND,FRA,2025-11-19T11:45:50,2025-11-19T14:17:50,14,Departed,2025-11-13T17:36:13.072434
1568,SQ,DFW,DEN,2025-11-14T19:44:18,2025-11-14T19:44:18,10,On Time,2025-11-13T17:36:13.072434
1569,DL,JFK,DEN,2025-11-16T08:16:23,2025-11-16T11:05:23,7,Arrived,2025-11-13T17:36:13.072434
1570,U2,FRA,DEN,2025-11-19T20:18:56,2025-11-19T20:49:56,20,Delayed,2025-11-13T17:36:13.072434
1571,AA,ATL,DEN,2025-11-17T07:00:15,,,Cancelled,2025-11-13T17:36:13.072434
1572,UA,DFW,WAW,2025-11-15T21:03:43,2025-11-15T23:10:43,22,Departed,2025-11-13T17:36:13.072434
1573,EK,FRA,DXB,2025-11-14T21:49:26,,,Cancelled,2025-11-13T17:36:13.072434
1574,AA,KBP,DEN,2025-11-16T20:24:22,2025-11-16T21:54:22,57,Arrived,2025-11-13T17:36:13.072434
1575,UA,WAW,LHR,2025-11-17T19:11:13,,,Cancelled,2025-11-13T17:36:13.072434
1576,W6,ORD,WAW,2025-11-13T21:51:12,2025-11-13T23:58:12,50,Departed,2025-11-13T17:36:13.072434
1577,W6,CDG,AMS,2025-11-20T17:29:25,2025-11-20T19:16:25,32,Delayed,2025-11-13T17:36:13.072434
1578,LH,LAX,DFW,2025-11-18T08:15:49,2025-11-18T11:07:49,18,Arrived,2025-11-13T17:36:13.072434
1579,AA,LAX,WAW,2025-11-14T23:30:37,2025-11-15T00:00:37,2,Arrived,2025-11-13T17:36:13.072434
1580,EK,HND,CDG,2025-11-18T05:40:31,2025-11-18T07:24:31,43,Delayed,2025-11-13T17:36:13.072434
1581,W6,HND,DFW,2025-11-14T01:05:50,,,Cancelled,2025-11-13T17:36:13.073464
1582,DL,FRA,AMS,2025-11-16T19:22:52,2025-11-16T21:47:52,1,Delayed,2025-11-13T17:36:13.073464
1583,UA,ORD,DEN,2025-11-14T13:34:04,2025-11-14T13:39:04,44,On Time,2025-11-13T17:36:13.073464
1584,LH,WAW,JFK,2025-11-20T16:03:44,,,Cancelled,2025-11-13T17:36:13.073464
1585,AA,LHR,WAW,2025-11-17T20:09:31,2025-11-17T20:11:31,48,On Time,2025-11-13T17:36:13.073464
1586,SQ,KBP,DEN,2025-11-17T02:24:09,2025-11-17T02:42:09,53,Arrived,2025-11-13T17:36:13.073464
1587,BA,LAX,ATL,2025-11-17T16:34:38,2025-11-17T16:37:38,30,On Time,2025-11-13T17:36:13.073464
1588,W6,ATL,HND,2025-11-14T06:44:34,2025-11-14T06:44:34,48,On Time,2025-11-13T17:36:13.073464
1589,BA,DEN,ATL,2025-11-14T20:01:36,2025-11-14T20:02:36,16,On Time,2025-11-13T17:36:13.073464
1590,EK,KBP,DEN,2025-11-16T12:09:12,2025-11-16T14:52:12,45,Delayed,2025-11-13T17:36:13.073464
1591,AA,JFK,CDG,2025-11-18T11:17:59,,,Cancelled,2025-11-13T17:36:13.073464
1592,SQ,WAW,ATL,2025-11-14T02:16:04,2025-11-14T05:01:04,21,Delayed,2025-11-13T17:36:13.073464
1593,UA,LAX,DXB,2025-11-19T23:27:10,2025-11-20T02:25:10,49,Departed,2025-11-13T17:36:13.076854
1594,U2,DFW,AMS,2025-11-15T08:48:47,2025-11-15T11:30:47,11,Arrived,2025-11-13T17:36:13.076854
1595,U2,HND,ATL,2025-11-17T01:47:33,2025-11-17T02:09:33,32,Departed,2025-11-13T17:36:13.076854
1596,SQ,FRA,HND,2025-11-17T08:58:48,2025-11-17T11:39:48,44,Delayed,2025-11-13T17:36:13.076854
1597,DL,JFK,CDG,2025-11-15T15:42:23,,,Cancelled,2025-11-13T17:36:13.076854
1598,UA,CDG,LAX,2025-11-18T03:24:33,2025-11-18T03:46:33,6,Delayed,2025-11-13T17:36:13.077873
1599,AA,HND,DXB,2025-11-19T08:52:04,2025-11-19T09:08:04,31,Arrived,2025-11-13T17:36:13.077873
1600,AA,DEN,ORD,2025-11-15T05:03:28,,,Cancelled,2025-11-13T17:36:13.077873
1601,U2,FRA,DXB,2025-11-13T21:48:46,2025-11-14T00:11:46,17,Departed,2025-11-13T17:36:13.077873
1602,SQ,DEN,CDG,2025-11-17T06:19:43,,,Cancelled,2025-11-13T17:36:13.077873
1603,W6,LHR,DEN,2025-11-17T06:46:02,2025-11-17T06:49:02,18,On Time,2025-11-13T17:36:13.077873
1604,AF,DEN,DXB,2025-11-20T10:57:37,,,Cancelled,2025-11-13T17:36:13.077873
1605,AF,AMS,ATL,2025-11-18T23:50:58,2025-11-19T02:08:58,13,Departed,2025-11-13T17:36:13.077873
1606,DL,LAX,CDG,2025-11-17T19:27:54,2025-11-17T19:29:54,58,On Time,2025-11-13T17:36:13.077873
1607,AA,JFK,AMS,2025-11-20T00:24:55,,,Cancelled,2025-11-13T17:36:13.077873
1608,SQ,HND,LHR,2025-11-19T10:57:09,2025-11-19T11:02:09,7,On Time,2025-11-13T17:36:13.077873
1609,UA,CDG,DXB,2025-11-17T10:18:14,2025-11-17T11:08:14,48,Departed,2025-11-13T17:36:13.077873
1610,AA,ORD,LHR,2025-11-20T09:10:13,2025-11-20T09:14:13,40,On Time,2025-11-13T17:36:13.077873
1611,LH,HND,JFK,2025-11-14T23:07:41,2025-11-15T01:26:41,55,Departed,2025-11-13T17:36:13.077873
1612,SQ,HND,LAX,2025-11-20T11:28:35,2025-11-20T11:28:35,52,On Time,2025-11-13T17:36:13.077873
1613,W6,HND,DEN,2025-11-15T22:45:03,2025-11-16T01:28:03,44,Departed,2025-11-13T17:36:13.077873
1614,SQ,FRA,HND,2025-11-20T10:45:21,2025-11-20T11:14:21,58,Arrived,2025-11-13T17:36:13.077873
1615,W6,LAX,HND,2025-11-20T12:35:55,2025-11-20T14:03:55,54,Delayed,2025-11-13T17:36:13.078923
1616,W6,ATL,HND,2025-11-20T01:32:34,2025-11-20T03:27:34,15,Arrived,2025-11-13T17:36:13.078923
1617,UA,DEN,DXB,2025-11-18T05:09:39,,,Cancelled,2025-11-13T17:36:13.078923
1618,AF,WAW,KBP,2025-11-16T16:19:38,2025-11-16T18:22:38,47,Departed,2025-11-13T17:36:13.078923
1619,LH,LHR,DFW,2025-11-16T10:39:35,2025-11-16T11:54:35,46,Arrived,2025-11-13T17:36:13.078923
1620,AA,AMS,DEN,2025-11-14T15:52:14,2025-11-14T17:04:14,28,Delayed,2025-11-13T17:36:13.078923
1621,AA,LAX,DFW,2025-11-15T06:30:42,2025-11-15T07:59:42,51,Departed,2025-11-13T17:36:13.078923
1622,U2,ATL,KBP,2025-11-14T12:37:07,2025-11-14T12:41:07,58,On Time,2025-11-13T17:36:13.078923
1623,LH,WAW,ORD,2025-11-20T16:58:22,,,Cancelled,2025-11-13T17:36:13.078923
1624,DL,LAX,DEN,2025-11-15T16:33:59,2025-11-15T16:35:59,9,On Time,2025-11-13T17:36:13.078923
1625,U2,LHR,FRA,2025-11-15T02:54:28,2025-11-15T02:55:28,41,On Time,2025-11-13T17:36:13.078923
1626,BA,LHR,LAX,2025-11-16T02:10:05,2025-11-16T03:41:05,22,Delayed,2025-11-13T17:36:13.078923
1627,BA,HND,ORD,2025-11-18T15:42:26,,,Cancelled,2025-11-13T17:36:13.078923
1628,SQ,WAW,JFK,2025-11-19T21:16:49,,,Cancelled,2025-11-13T17:36:13.078923
1629,UA,FRA,ORD,2025-11-15T22:00:55,,,Cancelled,2025-11-13T17:36:13.078923
1630,W6,DEN,LAX,2025-11-19T21:14:51,2025-11-19T22:51:51,24,Delayed,2025-11-13T17:36:13.078923
1631,LH,WAW,DXB,2025-11-14T08:58:20,2025-11-14T11:45:20,48,Departed,2025-11-13T17:36:13.078923
1632,SQ,FRA,DXB,2025-11-19T10:52:51,2025-11-19T12:48:51,19,Delayed,2025-11-13T17:36:13.078923
1633,AA,LAX,DEN,2025-11-19T23:04:55,2025-11-20T01:04:55,50,Departed,2025-11-13T17:36:13.078923
1634,LH,DFW,DXB,2025-11-15T06:44:19,2025-11-15T08:48:19,38,Delayed,2025-11-13T17:36:13.078923
1635,UA,DEN,LAX,2025-11-17T07:57:25,2025-11-17T09:05:25,20,Delayed,2025-11-13T17:36:13.079923
1636,U2,DXB,AMS,2025-11-19T13:18:17,2025-11-19T13:42:17,13,Delayed,2025-11-13T17:36:13.079923
1637,SQ,DEN,ORD,2025-11-15T05:52:34,2025-11-15T08:18:34,12,Arrived,2025-11-13T17:36:13.079923
1638,AF,DXB,AMS,2025-11-20T15:09:38,2025-11-20T16:29:38,41,Departed,2025-11-13T17:36:13.079923
1639,AA,FRA,JFK,2025-11-20T06:08:42,,,Cancelled,2025-11-13T17:36:13.079923
1640,UA,JFK,DFW,2025-11-17T02:04:29,2025-11-17T02:05:29,11,On Time,2025-11-13T17:36:13.079923
1641,SQ,WAW,KBP,2025-11-20T11:42:30,2025-11-20T14:33:30,49,Departed,2025-11-13T17:36:13.079923
1642,AA,ATL,AMS,2025-11-15T16:31:42,,,Cancelled,2025-11-13T17:36:13.079923
1643,UA,AMS,FRA,2025-11-15T10:34:13,2025-11-15T11:14:13,20,Arrived,2025-11-13T17:36:13.079923
1644,BA,LHR,HND,2025-11-14T23:46:58,2025-11-15T00:26:58,8,Delayed,2025-11-13T17:36:13.079923
1645,W6,LAX,HND,2025-11-15T20:01:04,,,Cancelled,2025-11-13T17:36:13.079923
1646,U2,DXB,KBP,2025-11-18T22:07:10,2025-11-18T23:26:10,38,Arrived,2025-11-13T17:36:13.079923
1647,EK,AMS,FRA,2025-11-16T08:57:39,,,Cancelled,2025-11-13T17:36:13.079923
1648,DL,FRA,KBP,2025-11-13T18:25:18,2025-11-13T18:29:18,59,On Time,2025-11-13T17:36:13.079923
1649,LH,LHR,KBP,2025-11-17T19:25:34,2025-11-17T21:03:34,22,Departed,2025-11-13T17:36:13.079923
1650,AF,LHR,ATL,2025-11-13T18:54:21,2025-11-13T20:10:21,58,Departed,2025-11-13T17:36:13.079923
1651,U2,LHR,LAX,2025-11-18T12:35:24,2025-11-18T13:31:24,40,Departed,2025-11-13T17:36:13.079923
1652,UA,DEN,KBP,2025-11-18T21:34:18,2025-11-18T22:46:18,1,Arrived,2025-11-13T17:36:13.079923
1653,W6,LAX,AMS,2025-11-18T23:34:31,2025-11-19T02:19:31,7,Arrived,2025-11-13T17:36:13.079923
1654,DL,DFW,DEN,2025-11-18T10:22:30,2025-11-18T10:22:30,24,On Time,2025-11-13T17:36:13.079923
1655,AF,FRA,CDG,2025-11-14T21:44:58,2025-11-14T21:48:58,51,On Time,2025-11-13T17:36:13.079923
1656,UA,ORD,DXB,2025-11-19T18:11:53,2025-11-19T19:08:53,31,Arrived,2025-11-13T17:36:13.079923
1657,UA,ATL,AMS,2025-11-14T20:53:55,,,Cancelled,2025-11-13T17:36:13.079923
1658,DL,WAW,FRA,2025-11-15T02:31:55,2025-11-15T05:16:55,2,Arrived,2025-11-13T17:36:13.079923
1659,BA,LHR,KBP,2025-11-20T00:12:12,2025-11-20T01:17:12,5,Departed,2025-11-13T17:36:13.079923
1660,AA,KBP,FRA,2025-11-14T23:48:18,2025-11-15T00:24:18,56,Delayed,2025-11-13T17:36:13.079923
1661,SQ,KBP,ATL,2025-11-17T17:02:07,2025-11-17T18:31:07,14,Delayed,2025-11-13T17:36:13.079923
1662,EK,LHR,CDG,2025-11-14T11:27:24,2025-11-14T12:24:24,27,Delayed,2025-11-13T17:36:13.079923
1663,BA,ORD,HND,2025-11-14T08:06:28,2025-11-14T08:08:28,19,On Time,2025-11-13T17:36:13.079923
1664,LH,ORD,DEN,2025-11-17T03:16:24,2025-11-17T05:28:24,34,Delayed,2025-11-13T17:36:13.080972
1665,EK,CDG,KBP,2025-11-16T12:59:52,2025-11-16T15:51:52,1,Delayed,2025-11-13T17:36:13.080972
1666,U2,DFW,DXB,2025-11-18T23:39:34,2025-11-19T00:07:34,19,Departed,2025-11-13T17:36:13.080972
1667,W6,DXB,DEN,2025-11-15T10:57:11,2025-11-15T13:35:11,39,Departed,2025-11-13T17:36:13.080972
1668,LH,LAX,ORD,2025-11-15T16:11:39,2025-11-15T16:14:39,15,On Time,2025-11-13T17:36:13.080972
1669,SQ,ORD,DXB,2025-11-15T09:16:42,2025-11-15T09:59:42,25,Arrived,2025-11-13T17:36:13.080972
1670,W6,CDG,HND,2025-11-20T05:10:59,2025-11-20T05:12:59,45,On Time,2025-11-13T17:36:13.080972
1671,SQ,DFW,JFK,2025-11-14T12:49:56,,,Cancelled,2025-11-13T17:36:13.080972
1672,W6,DFW,WAW,2025-11-19T18:54:29,,,Cancelled,2025-11-13T17:36:13.080972
1673,W6,JFK,LHR,2025-11-18T06:19:46,,,Cancelled,2025-11-13T17:36:13.080972
1674,EK,LHR,ATL,2025-11-19T03:48:20,2025-11-19T04:26:20,25,Departed,2025-11-13T17:36:13.080972
1675,DL,DXB,DFW,2025-11-17T16:03:38,,,Cancelled,2025-11-13T17:36:13.080972
1676,AF,WAW,CDG,2025-11-20T09:42:34,,,Cancelled,2025-11-13T17:36:13.080972
1677,SQ,JFK,DFW,2025-11-18T09:16:33,2025-11-18T10:20:33,44,Arrived,2025-11-13T17:36:13.080972
1678,U2,DFW,JFK,2025-11-19T02:49:50,2025-11-19T02:49:50,2,On Time,2025-11-13T17:36:13.080972
1679,W6,AMS,WAW,2025-11-14T18:28:56,2025-11-14T21:14:56,60,Arrived,2025-11-13T17:36:13.080972
1680,W6,DXB,LAX,2025-11-16T17:57:39,2025-11-16T17:59:39,60,On Time,2025-11-13T17:36:13.080972
1681,DL,DXB,LAX,2025-11-14T20:25:22,2025-11-14T21:49:22,31,Delayed,2025-11-13T17:36:13.080972
1682,LH,JFK,DXB,2025-11-18T02:13:12,2025-11-18T04:34:12,40,Delayed,2025-11-13T17:36:13.080972
1683,SQ,LAX,CDG,2025-11-16T13:20:54,2025-11-16T15:50:54,18,Delayed,2025-11-13T17:36:13.080972
1684,U2,ATL,CDG,2025-11-14T01:40:18,2025-11-14T04:09:18,51,Arrived,2025-11-13T17:36:13.080972
1685,U2,ORD,WAW,2025-11-19T08:52:32,2025-11-19T10:30:32,2,Departed,2025-11-13T17:36:13.080972
1686,SQ,JFK,HND,2025-11-15T01:50:37,2025-11-15T03:33:37,37,Departed,2025-11-13T17:36:13.080972
1687,BA,LHR,AMS,2025-11-16T01:19:51,2025-11-16T01:47:51,49,Departed,2025-11-13T17:36:13.080972
1688,UA,KBP,LAX,2025-11-16T18:22:29,2025-11-16T20:27:29,47,Arrived,2025-11-13T17:36:13.080972
1689,BA,FRA,WAW,2025-11-16T14:09:46,2025-11-16T16:20:46,56,Arrived,2025-11-13T17:36:13.080972
1690,DL,KBP,FRA,2025-11-17T03:14:47,2025-11-17T03:14:47,27,On Time,2025-11-13T17:36:13.080972
1691,UA,ATL,DEN,2025-11-16T23:41:40,2025-11-17T01:51:40,51,Delayed,2025-11-13T17:36:13.081974
1692,EK,HND,LHR,2025-11-16T12:10:27,2025-11-16T12:37:27,14,Arrived,2025-11-13T17:36:13.081974
1693,AF,ATL,KBP,2025-11-17T18:00:21,2025-11-17T18:57:21,9,Departed,2025-11-13T17:36:13.081974
1694,UA,ORD,JFK,2025-11-17T16:33:06,2025-11-17T18:01:06,21,Arrived,2025-11-13T17:36:13.081974
1695,LH,ATL,DFW,2025-11-19T10:56:03,2025-11-19T11:01:03,23,On Time,2025-11-13T17:36:13.081974
1696,AF,ORD,LHR,2025-11-19T09:10:03,2025-11-19T11:21:03,17,Delayed,2025-11-13T17:36:13.081974
1697,BA,DXB,LAX,2025-11-18T18:40:26,2025-11-18T19:20:26,10,Delayed,2025-11-13T17:36:13.081974
1698,SQ,LHR,FRA,2025-11-19T07:00:08,2025-11-19T07:26:08,11,Arrived,2025-11-13T17:36:13.081974
1699,U2,KBP,LAX,2025-11-16T10:56:07,2025-11-16T13:29:07,58,Arrived,2025-11-13T17:36:13.081974
1700,LH,HND,WAW,2025-11-19T08:21:45,2025-11-19T10:20:45,2,Arrived,2025-11-13T17:36:13.081974
1701,AF,WAW,KBP,2025-11-19T09:13:17,,,Cancelled,2025-11-13T17:36:13.081974
1702,DL,ORD,LHR,2025-11-18T17:21:55,2025-11-18T19:49:55,4,Delayed,2025-11-13T17:36:13.081974
1703,UA,HND,AMS,2025-11-19T14:39:50,,,Cancelled,2025-11-13T17:36:13.081974
1704,LH,DXB,WAW,2025-11-17T12:52:20,,,Cancelled,2025-11-13T17:36:13.081974
1705,W6,AMS,FRA,2025-11-19T10:54:00,2025-11-19T10:58:00,20,On Time,2025-11-13T17:36:13.081974
1706,U2,CDG,KBP,2025-11-19T14:39:53,,,Cancelled,2025-11-13T17:36:13.081974
1707,BA,CDG,DFW,2025-11-20T13:24:16,2025-11-20T15:17:16,51,Arrived,2025-11-13T17:36:13.081974
1708,DL,LAX,WAW,2025-11-14T21:35:50,2025-11-14T23:02:50,35,Delayed,2025-11-13T17:36:13.081974
1709,AF,HND,CDG,2025-11-19T18:47:23,2025-11-19T20:00:23,49,Departed,2025-11-13T17:36:13.081974
1710,AF,AMS,CDG,2025-11-20T00:50:39,2025-11-20T03:11:39,38,Arrived,2025-11-13T17:36:13.081974
1711,AA,ATL,FRA,2025-11-19T21:21:28,2025-11-19T21:24:28,51,On Time,2025-11-13T17:36:13.081974
1712,DL,HND,ATL,2025-11-16T11:51:31,2025-11-16T11:54:31,40,On Time,2025-11-13T17:36:13.081974
1713,EK,HND,DFW,2025-11-20T10:31:14,2025-11-20T11:26:14,45,Delayed,2025-11-13T17:36:13.081974
1714,SQ,FRA,LHR,2025-11-20T03:58:32,2025-11-20T04:02:32,4,On Time,2025-11-13T17:36:13.081974
1715,U2,DFW,DXB,2025-11-17T16:59:44,,,Cancelled,2025-11-13T17:36:13.081974
1716,DL,LHR,FRA,2025-11-20T14:50:42,2025-11-20T16:07:42,28,Delayed,2025-11-13T17:36:13.081974
1717,AA,DXB,AMS,2025-11-16T05:41:38,2025-11-16T06:35:38,30,Departed,2025-11-13T17:36:13.082974
1718,W6,FRA,DFW,2025-11-15T15:36:22,2025-11-15T17:06:22,21,Departed,2025-11-13T17:36:13.082974
1719,U2,AMS,LAX,2025-11-18T04:48:15,2025-11-18T05:24:15,60,Arrived,2025-11-13T17:36:13.082974
1720,U2,KBP,DXB,2025-11-20T14:02:07,2025-11-20T15:00:07,4,Arrived,2025-11-13T17:36:13.082974
1721,BA,KBP,FRA,2025-11-15T02:39:05,,,Cancelled,2025-11-13T17:36:13.082974
1722,UA,CDG,AMS,2025-11-15T10:12:40,2025-11-15T11:06:40,47,Delayed,2025-11-13T17:36:13.082974
1723,LH,WAW,KBP,2025-11-15T16:17:10,2025-11-15T16:19:10,25,On Time,2025-11-13T17:36:13.082974
1724,AA,LHR,WAW,2025-11-16T01:08:26,2025-11-16T01:08:26,42,On Time,2025-11-13T17:36:13.082974
1725,U2,KBP,DFW,2025-11-16T17:18:58,2025-11-16T20:08:58,17,Delayed,2025-11-13T17:36:13.082974
1726,UA,WAW,DEN,2025-11-19T20:41:16,2025-11-19T21:23:16,50,Delayed,2025-11-13T17:36:13.082974
1727,EK,DEN,KBP,2025-11-20T03:16:46,2025-11-20T03:45:46,7,Departed,2025-11-13T17:36:13.082974
1728,AA,LHR,DFW,2025-11-17T00:37:02,2025-11-17T01:09:02,33,Departed,2025-11-13T17:36:13.082974
1729,UA,DFW,LHR,2025-11-18T16:11:53,2025-11-18T17:20:53,7,Delayed,2025-11-13T17:36:13.082974
1730,DL,AMS,WAW,2025-11-14T13:53:44,2025-11-14T13:55:44,8,On Time,2025-11-13T17:36:13.082974
1731,SQ,FRA,LAX,2025-11-20T07:35:41,2025-11-20T07:39:41,14,On Time,2025-11-13T17:36:13.082974
1732,U2,JFK,KBP,2025-11-13T21:08:55,,,Cancelled,2025-11-13T17:36:13.082974
1733,BA,DFW,LAX,2025-11-18T11:19:55,2025-11-18T11:23:55,2,On Time,2025-11-13T17:36:13.082974
1734,EK,LAX,JFK,2025-11-17T18:34:27,2025-11-17T19:01:27,50,Delayed,2025-11-13T17:36:13.082974
1735,AA,LHR,ATL,2025-11-17T17:25:24,2025-11-17T20:20:24,16,Departed,2025-11-13T17:36:13.082974
1736,AA,DFW,DEN,2025-11-20T10:56:34,2025-11-20T11:00:34,27,On Time,2025-11-13T17:36:13.082974
1737,BA,DFW,JFK,2025-11-15T00:20:24,,,Cancelled,2025-11-13T17:36:13.082974
1738,BA,FRA,JFK,2025-11-19T02:09:41,2025-11-19T02:50:41,45,Arrived,2025-11-13T17:36:13.082974
1739,DL,ORD,KBP,2025-11-16T11:48:49,,,Cancelled,2025-11-13T17:36:13.082974
1740,EK,JFK,ORD,2025-11-15T02:26:47,2025-11-15T03:08:47,55,Arrived,2025-11-13T17:36:13.082974
1741,W6,AMS,WAW,2025-11-20T12:33:49,2025-11-20T13:13:49,49,Departed,2025-11-13T17:36:13.082974
1742,AF,DEN,LHR,2025-11-18T20:25:00,2025-11-18T22:21:00,40,Departed,2025-11-13T17:36:13.082974
1743,DL,WAW,DEN,2025-11-19T19:15:24,2025-11-19T19:16:24,7,On Time,2025-11-13T17:36:13.083974
1744,SQ,DXB,ORD,2025-11-15T15:19:41,2025-11-15T15:57:41,23,Delayed,2025-11-13T17:36:13.083974
1745,EK,DXB,LHR,2025-11-15T07:23:31,,,Cancelled,2025-11-13T17:36:13.083974
1746,LH,DXB,AMS,2025-11-20T16:06:09,,,Cancelled,2025-11-13T17:36:13.083974
1747,EK,LAX,KBP,2025-11-14T05:18:19,2025-11-14T05:23:19,47,On Time,2025-11-13T17:36:13.083974
1748,UA,WAW,ORD,2025-11-18T07:55:36,2025-11-18T08:17:36,51,Delayed,2025-11-13T17:36:13.083974
1749,BA,JFK,LAX,2025-11-17T02:00:30,,,Cancelled,2025-11-13T17:36:13.083974
1750,AA,AMS,LHR,2025-11-18T23:04:17,2025-11-19T01:55:17,34,Delayed,2025-11-13T17:36:13.083974
1751,SQ,HND,ORD,2025-11-18T14:54:31,2025-11-18T14:58:31,9,On Time,2025-11-13T17:36:13.083974
1752,DL,ORD,LHR,2025-11-17T07:32:21,2025-11-17T10:04:21,9,Delayed,2025-11-13T17:36:13.083974
1753,U2,DFW,KBP,2025-11-20T13:13:55,,,Cancelled,2025-11-13T17:36:13.083974
1754,AF,AMS,WAW,2025-11-15T01:54:16,2025-11-15T01:57:16,24,On Time,2025-11-13T17:36:13.083974
1755,SQ,DEN,KBP,2025-11-17T06:08:32,2025-11-17T09:05:32,4,Arrived,2025-11-13T17:36:13.083974
1756,DL,KBP,DXB,2025-11-20T07:11:17,2025-11-20T07:15:17,56,On Time,2025-11-13T17:36:13.083974
1757,SQ,DFW,AMS,2025-11-17T04:37:29,2025-11-17T07:10:29,33,Departed,2025-11-13T17:36:13.083974
1758,W6,KBP,CDG,2025-11-16T04:52:13,,,Cancelled,2025-11-13T17:36:13.083974
1759,DL,JFK,HND,2025-11-17T07:03:21,2025-11-17T07:34:21,16,Delayed,2025-11-13T17:36:13.083974
1760,LH,LAX,HND,2025-11-17T12:10:51,2025-11-17T15:05:51,39,Delayed,2025-11-13T17:36:13.083974
1761,SQ,KBP,CDG,2025-11-18T21:33:47,,,Cancelled,2025-11-13T17:36:13.083974
1762,W6,FRA,ORD,2025-11-15T22:18:02,2025-11-16T01:02:02,2,Delayed,2025-11-13T17:36:13.083974
1763,LH,LHR,JFK,2025-11-15T13:07:06,,,Cancelled,2025-11-13T17:36:13.083974
1764,AF,HND,KBP,2025-11-18T12:18:38,2025-11-18T14:24:38,37,Arrived,2025-11-13T17:36:13.083974
1765,LH,WAW,JFK,2025-11-19T21:52:42,2025-11-20T00:27:42,41,Delayed,2025-11-13T17:36:13.083974
1766,AF,CDG,DXB,2025-11-18T12:03:48,2025-11-18T12:56:48,14,Arrived,2025-11-13T17:36:13.083974
1767,EK,DXB,AMS,2025-11-20T02:45:46,,,Cancelled,2025-11-13T17:36:13.083974
1768,U2,LAX,KBP,2025-11-16T14:38:45,2025-11-16T15:28:45,34,Arrived,2025-11-13T17:36:13.083974
1769,SQ,LHR,FRA,2025-11-20T01:45:00,2025-11-20T01:50:00,21,On Time,2025-11-13T17:36:13.083974
1770,W6,WAW,HND,2025-11-18T02:49:10,2025-11-18T02:53:10,21,On Time,2025-11-13T17:36:13.083974
1771,BA,DXB,JFK,2025-11-18T20:35:20,2025-11-18T21:47:20,5,Departed,2025-11-13T17:36:13.084974
1772,U2,DEN,FRA,2025-11-20T14:36:10,2025-11-20T16:17:10,6,Arrived,2025-11-13T17:36:13.084974
1773,AA,DFW,WAW,2025-11-14T13:24:53,2025-11-14T16:03:53,57,Delayed,2025-11-13T17:36:13.084974
1774,AF,ATL,DEN,2025-11-19T09:02:17,2025-11-19T11:17:17,25,Departed,2025-11-13T17:36:13.084974
1775,AA,AMS,ATL,2025-11-20T09:43:01,2025-11-20T09:44:01,9,On Time,2025-11-13T17:36:13.084974
1776,W6,DXB,ATL,2025-11-13T21:07:09,,,Cancelled,2025-11-13T17:36:13.084974
1777,W6,WAW,DXB,2025-11-15T23:57:13,2025-11-16T00:58:13,43,Arrived,2025-11-13T17:36:13.084974
1778,EK,JFK,KBP,2025-11-15T03:09:40,2025-11-15T03:13:40,3,On Time,2025-11-13T17:36:13.084974
1779,LH,FRA,WAW,2025-11-18T10:21:56,,,Cancelled,2025-11-13T17:36:13.084974
1780,U2,DXB,WAW,2025-11-15T14:16:08,2025-11-15T15:32:08,39,Arrived,2025-11-13T17:36:13.084974
1781,BA,DEN,FRA,2025-11-17T19:44:56,2025-11-17T22:40:56,14,Departed,2025-11-13T17:36:13.084974
1782,U2,KBP,ATL,2025-11-15T00:31:47,2025-11-15T01:03:47,15,Arrived,2025-11-13T17:36:13.084974
1783,EK,KBP,LAX,2025-11-18T10:30:10,2025-11-18T13:06:10,19,Departed,2025-11-13T17:36:13.084974
1784,AA,LAX,JFK,2025-11-16T00:02:44,2025-11-16T00:21:44,32,Departed,2025-11-13T17:36:13.084974
1785,UA,DFW,AMS,2025-11-19T12:03:55,,,Cancelled,2025-11-13T17:36:13.084974
1786,BA,LAX,HND,2025-11-17T22:51:24,2025-11-18T01:00:24,56,Delayed,2025-11-13T17:36:13.084974
1787,UA,DFW,DEN,2025-11-18T05:12:33,,,Cancelled,2025-11-13T17:36:13.084974
1788,EK,DEN,FRA,2025-11-14T19:15:38,2025-11-14T19:18:38,9,On Time,2025-11-13T17:36:13.084974
1789,AA,CDG,ORD,2025-11-19T20:37:31,2025-11-19T21:06:31,58,Arrived,2025-11-13T17:36:13.084974
1790,W6,HND,DXB,2025-11-20T10:11:35,2025-11-20T10:14:35,60,On Time,2025-11-13T17:36:13.084974
1791,LH,AMS,DFW,2025-11-17T09:11:05,,,Cancelled,2025-11-13T17:36:13.084974
1792,LH,CDG,ORD,2025-11-16T04:19:34,2025-11-16T06:52:34,6,Delayed,2025-11-13T17:36:13.084974
1793,UA,KBP,JFK,2025-11-14T15:14:44,2025-11-14T16:57:44,32,Arrived,2025-11-13T17:36:13.084974
1794,W6,FRA,KBP,2025-11-19T08:30:57,,,Cancelled,2025-11-13T17:36:13.085974
1795,DL,LAX,DFW,2025-11-16T00:14:52,,,Cancelled,2025-11-13T17:36:13.085974
1796,UA,FRA,LAX,2025-11-20T12:39:03,2025-11-20T13:36:03,56,Departed,2025-11-13T17:36:13.085974
1797,SQ,DFW,DEN,2025-11-14T03:23:03,2025-11-14T05:21:03,9,Arrived,2025-11-13T17:36:13.085974
1798,AF,ORD,DFW,2025-11-16T07:49:54,2025-11-16T07:54:54,31,On Time,2025-11-13T17:36:13.085974
1799,W6,FRA,HND,2025-11-14T08:47:42,,,Cancelled,2025-11-13T17:36:13.085974
1800,AA,ORD,LHR,2025-11-17T14:39:54,2025-11-17T14:40:54,48,On Time,2025-11-13T17:36:13.085974
1801,U2,KBP,JFK,2025-11-16T11:43:11,2025-11-16T13:48:11,21,Departed,2025-11-13T17:36:13.085974
1802,SQ,KBP,JFK,2025-11-19T05:14:47,,,Cancelled,2025-11-13T17:36:13.085974
1803,AF,LHR,AMS,2025-11-18T15:07:14,2025-11-18T16:24:14,19,Arrived,2025-11-13T17:36:13.085974
1804,UA,DEN,CDG,2025-11-15T04:17:28,2025-11-15T04:18:28,23,On Time,2025-11-13T17:36:13.085974
1805,BA,DFW,LHR,2025-11-20T12:13:22,,,Cancelled,2025-11-13T17:36:13.085974
1806,UA,DEN,LHR,2025-11-18T13:04:25,2025-11-18T13:06:25,34,On Time,2025-11-13T17:36:13.085974
1807,BA,CDG,LHR,2025-11-17T12:13:42,2025-11-17T12:17:42,54,On Time,2025-11-13T17:36:13.085974
1808,W6,LAX,LHR,2025-11-18T22:21:14,2025-11-19T01:07:14,42,Departed,2025-11-13T17:36:13.085974
1809,DL,JFK,KBP,2025-11-14T09:23:46,2025-11-14T10:57:46,36,Arrived,2025-11-13T17:36:13.085974
1810,UA,LHR,CDG,2025-11-15T01:40:23,2025-11-15T02:00:23,10,Arrived,2025-11-13T17:36:13.085974
1811,AF,WAW,ORD,2025-11-20T11:06:43,,,Cancelled,2025-11-13T17:36:13.085974
1812,AA,DEN,KBP,2025-11-20T05:20:01,2025-11-20T05:24:01,36,On Time,2025-11-13T17:36:13.085974
1813,UA,ATL,WAW,2025-11-20T10:58:30,2025-11-20T11:00:30,8,On Time,2025-11-13T17:36:13.085974
1814,AF,JFK,DFW,2025-11-18T08:23:39,2025-11-18T08:24:39,45,On Time,2025-11-13T17:36:13.085974
1815,AF,KBP,DFW,2025-11-16T14:27:17,2025-11-16T15:03:17,57,Arrived,2025-11-13T17:36:13.085974
1816,U2,DXB,ATL,2025-11-20T14:01:09,2025-11-20T15:42:09,42,Departed,2025-11-13T17:36:13.085974
1817,AF,KBP,CDG,2025-11-16T04:27:47,,,Cancelled,2025-11-13T17:36:13.085974
1818,U2,DXB,DFW,2025-11-14T19:06:06,2025-11-14T20:33:06,45,Arrived,2025-11-13T17:36:13.085974
1819,EK,FRA,KBP,2025-11-16T10:25:19,,,Cancelled,2025-11-13T17:36:13.085974
1820,EK,DXB,WAW,2025-11-16T16:40:41,2025-11-16T17:47:41,40,Delayed,2025-11-13T17:36:13.086974
1821,UA,DXB,FRA,2025-11-17T19:04:17,2025-11-17T19:05:17,23,On Time,2025-11-13T17:36:13.086974
1822,AA,LAX,AMS,2025-11-18T07:56:01,,,Cancelled,2025-11-13T17:36:13.086974
1823,BA,LAX,DEN,2025-11-19T14:18:14,2025-11-19T14:18:14,34,On Time,2025-11-13T17:36:13.086974
1824,AA,DEN,HND,2025-11-15T01:51:27,2025-11-15T03:01:27,24,Arrived,2025-11-13T17:36:13.086974
1825,EK,FRA,LAX,2025-11-14T21:52:48,,,Cancelled,2025-11-13T17:36:13.086974
1826,U2,DFW,HND,2025-11-19T13:15:38,2025-11-19T14:22:38,41,Arrived,2025-11-13T17:36:13.086974
1827,UA,JFK,ATL,2025-11-20T05:12:50,2025-11-20T08:01:50,46,Delayed,2025-11-13T17:36:13.086974
1828,AF,AMS,LAX,2025-11-14T12:46:37,2025-11-14T15:38:37,33,Arrived,2025-11-13T17:36:13.086974
1829,U2,DXB,WAW,2025-11-18T18:39:17,2025-11-18T21:05:17,58,Arrived,2025-11-13T17:36:13.086974
1830,AA,KBP,DXB,2025-11-15T15:13:27,2025-11-15T18:10:27,8,Delayed,2025-11-13T17:36:13.086974
1831,BA,CDG,HND,2025-11-15T23:24:08,,,Cancelled,2025-11-13T17:36:13.086974
1832,U2,KBP,AMS,2025-11-17T03:02:55,2025-11-17T05:13:55,55,Delayed,2025-11-13T17:36:13.087959
1833,U2,DXB,ORD,2025-11-14T01:44:25,2025-11-14T03:43:25,51,Departed,2025-11-13T17:36:13.087959
1834,SQ,AMS,WAW,2025-11-14T04:15:50,2025-11-14T06:27:50,21,Delayed,2025-11-13T17:36:13.087959
1835,UA,DFW,WAW,2025-11-18T23:20:13,2025-11-18T23:22:13,45,On Time,2025-11-13T17:36:13.087959
1836,U2,ATL,LAX,2025-11-15T10:36:54,,,Cancelled,2025-11-13T17:36:13.087959
1837,AF,CDG,DEN,2025-11-19T19:02:18,2025-11-19T19:07:18,35,On Time,2025-11-13T17:36:13.087959
1838,DL,CDG,ATL,2025-11-16T10:05:10,2025-11-16T10:09:10,20,On Time,2025-11-13T17:36:13.087959
1839,AF,AMS,WAW,2025-11-18T17:40:51,2025-11-18T18:10:51,19,Delayed,2025-11-13T17:36:13.087959
1840,EK,DFW,LHR,2025-11-20T15:41:52,2025-11-20T15:46:52,3,On Time,2025-11-13T17:36:13.087959
1841,BA,ATL,HND,2025-11-14T23:45:03,2025-11-15T02:16:03,51,Delayed,2025-11-13T17:36:13.087959
1842,BA,WAW,KBP,2025-11-19T23:15:21,2025-11-19T23:20:21,49,On Time,2025-11-13T17:36:13.087959
1843,EK,DEN,CDG,2025-11-20T14:22:39,2025-11-20T14:50:39,18,Departed,2025-11-13T17:36:13.087959
1844,UA,ORD,FRA,2025-11-18T05:01:45,2025-11-18T06:00:45,7,Departed,2025-11-13T17:36:13.087959
1845,AF,AMS,LAX,2025-11-19T02:38:44,2025-11-19T04:33:44,56,Delayed,2025-11-13T17:36:13.087959
1846,U2,LAX,LHR,2025-11-19T16:05:48,2025-11-19T17:54:48,57,Arrived,2025-11-13T17:36:13.087959
1847,AA,LHR,DEN,2025-11-16T05:58:21,2025-11-16T06:02:21,57,On Time,2025-11-13T17:36:13.087959
1848,LH,WAW,LAX,2025-11-17T12:59:39,2025-11-17T13:21:39,30,Arrived,2025-11-13T17:36:13.087959
1849,LH,FRA,WAW,2025-11-16T17:53:54,2025-11-16T19:10:54,46,Delayed,2025-11-13T17:36:13.087959
1850,AF,WAW,ATL,2025-11-15T05:15:54,2025-11-15T08:15:54,49,Delayed,2025-11-13T17:36:13.087959
1851,BA,ATL,FRA,2025-11-13T23:20:07,2025-11-14T01:58:07,46,Delayed,2025-11-13T17:36:13.088952
1852,UA,CDG,AMS,2025-11-18T19:01:33,2025-11-18T19:01:33,27,On Time,2025-11-13T17:36:13.088952
1853,EK,ATL,DFW,2025-11-16T14:45:43,2025-11-16T16:13:43,22,Departed,2025-11-13T17:36:13.088952
1854,AA,JFK,LAX,2025-11-20T11:47:36,2025-11-20T11:50:36,18,On Time,2025-11-13T17:36:13.088952
1855,DL,DFW,AMS,2025-11-17T09:01:56,2025-11-17T10:41:56,33,Departed,2025-11-13T17:36:13.088952
1856,BA,FRA,DFW,2025-11-13T21:52:16,2025-11-14T00:46:16,48,Delayed,2025-11-13T17:36:13.088952
1857,DL,CDG,ATL,2025-11-14T05:40:23,,,Cancelled,2025-11-13T17:36:13.088952
1858,DL,DFW,HND,2025-11-17T07:22:59,,,Cancelled,2025-11-13T17:36:13.088952
1859,AA,HND,WAW,2025-11-20T09:22:45,,,Cancelled,2025-11-13T17:36:13.088952
1860,EK,CDG,KBP,2025-11-20T15:52:00,2025-11-20T15:52:00,59,On Time,2025-11-13T17:36:13.088952
1861,W6,WAW,LHR,2025-11-16T20:54:26,2025-11-16T21:59:26,45,Departed,2025-11-13T17:36:13.088952
1862,AF,CDG,ATL,2025-11-18T04:27:23,2025-11-18T05:48:23,18,Arrived,2025-11-13T17:36:13.088952
1863,EK,ORD,KBP,2025-11-19T23:58:36,2025-11-20T02:03:36,4,Arrived,2025-11-13T17:36:13.088952
1864,W6,HND,DXB,2025-11-15T10:31:30,2025-11-15T10:53:30,24,Delayed,2025-11-13T17:36:13.088952
1865,LH,AMS,DFW,2025-11-17T11:09:55,2025-11-17T12:23:55,41,Delayed,2025-11-13T17:36:13.088952
1866,LH,ATL,DEN,2025-11-14T02:06:12,2025-11-14T03:43:12,25,Departed,2025-11-13T17:36:13.088952
1867,EK,LAX,ORD,2025-11-16T10:53:07,,,Cancelled,2025-11-13T17:36:13.088952
1868,BA,ORD,HND,2025-11-20T03:00:12,2025-11-20T04:14:12,51,Departed,2025-11-13T17:36:13.088952
1869,SQ,DXB,AMS,2025-11-13T23:43:40,2025-11-14T02:29:40,28,Delayed,2025-11-13T17:36:13.088952
1870,AA,WAW,KBP,2025-11-17T13:47:44,2025-11-17T14:31:44,38,Arrived,2025-11-13T17:36:13.088952
1871,DL,DXB,FRA,2025-11-14T22:51:55,2025-11-14T23:22:55,48,Departed,2025-11-13T17:36:13.088952
1872,LH,DXB,JFK,2025-11-18T07:05:36,,,Cancelled,2025-11-13T17:36:13.088952
1873,LH,LAX,AMS,2025-11-19T11:52:59,2025-11-19T14:47:59,24,Delayed,2025-11-13T17:36:13.088952
1874,LH,WAW,DFW,2025-11-13T21:26:10,2025-11-13T22:46:10,6,Delayed,2025-11-13T17:36:13.088952
1875,AA,KBP,ATL,2025-11-17T21:59:10,2025-11-17T23:46:10,34,Arrived,2025-11-13T17:36:13.088952
1876,AF,ORD,WAW,2025-11-17T02:10:30,2025-11-17T03:40:30,42,Departed,2025-11-13T17:36:13.088952
1877,BA,HND,JFK,2025-11-14T08:30:40,2025-11-14T10:19:40,52,Delayed,2025-11-13T17:36:13.088952
1878,W6,WAW,ATL,2025-11-19T16:53:35,2025-11-19T18:55:35,29,Departed,2025-11-13T17:36:13.088952
1879,UA,KBP,HND,2025-11-17T12:44:43,2025-11-17T14:19:43,60,Arrived,2025-11-13T17:36:13.089957
1880,UA,FRA,KBP,2025-11-16T00:29:03,2025-11-16T01:06:03,49,Delayed,2025-11-13T17:36:13.089957
1881,LH,KBP,CDG,2025-11-17T07:50:31,2025-11-17T10:22:31,6,Departed,2025-11-13T17:36:13.089957
1882,U2,LAX,CDG,2025-11-17T14:17:39,,,Cancelled,2025-11-13T17:36:13.089957
1883,UA,KBP,JFK,2025-11-20T09:23:32,,,Cancelled,2025-11-13T17:36:13.089957
1884,W6,ORD,LHR,2025-11-18T15:09:51,2025-11-18T17:35:51,30,Arrived,2025-11-13T17:36:13.089957
1885,EK,FRA,JFK,2025-11-18T06:51:07,2025-11-18T06:54:07,41,On Time,2025-11-13T17:36:13.089957
1886,BA,LAX,KBP,2025-11-17T15:19:13,2025-11-17T15:53:13,42,Delayed,2025-11-13T17:36:13.089957
1887,EK,DEN,JFK,2025-11-16T11:33:17,2025-11-16T13:46:17,47,Arrived,2025-11-13T17:36:13.089957
1888,AF,LHR,WAW,2025-11-19T15:51:23,2025-11-19T18:00:23,24,Departed,2025-11-13T17:36:13.089957
1889,U2,AMS,KBP,2025-11-19T05:16:30,2025-11-19T07:17:30,52,Departed,2025-11-13T17:36:13.089957
1890,SQ,JFK,FRA,2025-11-18T23:10:14,2025-11-18T23:11:14,9,On Time,2025-11-13T17:36:13.089957
1891,DL,DEN,KBP,2025-11-13T18:30:51,2025-11-13T19:19:51,12,Arrived,2025-11-13T17:36:13.089957
1892,BA,FRA,ORD,2025-11-17T16:52:50,2025-11-17T17:28:50,48,Arrived,2025-11-13T17:36:13.089957
1893,EK,CDG,KBP,2025-11-16T04:23:47,2025-11-16T04:23:47,35,On Time,2025-11-13T17:36:13.089957
1894,U2,LAX,LHR,2025-11-19T23:16:04,2025-11-20T00:58:04,13,Departed,2025-11-13T17:36:13.089957
1895,SQ,DEN,LHR,2025-11-16T16:45:49,,,Cancelled,2025-11-13T17:36:13.089957
1896,BA,LAX,DFW,2025-11-15T05:35:33,2025-11-15T05:39:33,20,On Time,2025-11-13T17:36:13.089957
1897,UA,FRA,KBP,2025-11-17T22:54:04,2025-11-17T23:42:04,49,Departed,2025-11-13T17:36:13.089957
1898,SQ,AMS,DXB,2025-11-18T21:14:34,2025-11-18T21:16:34,2,On Time,2025-11-13T17:36:13.089957
1899,LH,CDG,LHR,2025-11-20T12:13:43,2025-11-20T15:11:43,7,Delayed,2025-11-13T17:36:13.089957
1900,BA,CDG,FRA,2025-11-15T04:07:58,2025-11-15T04:50:58,23,Departed,2025-11-13T17:36:13.089957
1901,UA,LAX,JFK,2025-11-15T19:26:28,2025-11-15T22:26:28,18,Arrived,2025-11-13T17:36:13.089957
1902,UA,DXB,JFK,2025-11-14T10:50:19,2025-11-14T13:08:19,32,Delayed,2025-11-13T17:36:13.090948
1903,AA,HND,KBP,2025-11-18T11:03:13,2025-11-18T12:15:13,32,Departed,2025-11-13T17:36:13.090948
1904,EK,KBP,HND,2025-11-17T14:46:07,2025-11-17T16:02:07,39,Delayed,2025-11-13T17:36:13.090948
1905,W6,KBP,LHR,2025-11-16T22:50:56,,,Cancelled,2025-11-13T17:36:13.090948
1906,DL,AMS,CDG,2025-11-19T14:48:36,2025-11-19T17:26:36,40,Arrived,2025-11-13T17:36:13.090948
1907,AF,LHR,LAX,2025-11-14T10:19:33,2025-11-14T10:21:33,37,On Time,2025-11-13T17:36:13.090948
1908,U2,ATL,AMS,2025-11-14T07:49:10,2025-11-14T08:36:10,54,Arrived,2025-11-13T17:36:13.090948
1909,AA,WAW,KBP,2025-11-14T15:01:05,2025-11-14T15:49:05,37,Departed,2025-11-13T17:36:13.090948
1910,SQ,JFK,LAX,2025-11-16T12:25:19,2025-11-16T12:28:19,43,On Time,2025-11-13T17:36:13.090948
1911,UA,ORD,LHR,2025-11-13T22:35:18,,,Cancelled,2025-11-13T17:36:13.090948
1912,BA,LHR,JFK,2025-11-18T08:40:50,,,Cancelled,2025-11-13T17:36:13.090948
1913,U2,HND,LHR,2025-11-20T08:50:54,2025-11-20T11:50:54,9,Departed,2025-11-13T17:36:13.090948
1914,DL,LAX,LHR,2025-11-17T09:26:24,,,Cancelled,2025-11-13T17:36:13.090948
1915,LH,WAW,DXB,2025-11-16T01:51:57,2025-11-16T01:54:57,14,On Time,2025-11-13T17:36:13.090948
1916,AF,FRA,WAW,2025-11-20T16:04:35,2025-11-20T16:59:35,57,Delayed,2025-11-13T17:36:13.090948
1917,SQ,KBP,JFK,2025-11-20T00:14:13,2025-11-20T02:20:13,8,Arrived,2025-11-13T17:36:13.090948
1918,UA,DEN,AMS,2025-11-20T14:17:40,2025-11-20T14:21:40,20,On Time,2025-11-13T17:36:13.090948
1919,UA,AMS,DXB,2025-11-20T00:40:50,2025-11-20T01:50:50,8,Departed,2025-11-13T17:36:13.090948
1920,UA,DEN,DFW,2025-11-19T13:47:00,2025-11-19T14:54:00,35,Departed,2025-11-13T17:36:13.090948
1921,UA,AMS,DEN,2025-11-17T07:19:24,2025-11-17T09:46:24,55,Arrived,2025-11-13T17:36:13.090948
1922,UA,LHR,ATL,2025-11-20T13:37:26,2025-11-20T13:38:26,53,On Time,2025-11-13T17:36:13.090948
1923,EK,KBP,DEN,2025-11-16T12:33:58,2025-11-16T14:33:58,42,Departed,2025-11-13T17:36:13.090948
1924,BA,LHR,CDG,2025-11-17T03:06:17,2025-11-17T05:45:17,12,Delayed,2025-11-13T17:36:13.090948
1925,UA,ORD,HND,2025-11-18T11:33:33,2025-11-18T12:30:33,5,Arrived,2025-11-13T17:36:13.092463
1926,UA,DXB,AMS,2025-11-14T06:29:16,2025-11-14T08:21:16,16,Departed,2025-11-13T17:36:13.092463
1927,W6,FRA,KBP,2025-11-16T00:09:13,,,Cancelled,2025-11-13T17:36:13.092463
1928,U2,DEN,WAW,2025-11-15T18:20:08,,,Cancelled,2025-11-13T17:36:13.092463
1929,AA,HND,FRA,2025-11-15T03:49:12,2025-11-15T04:10:12,20,Delayed,2025-11-13T17:36:13.092463
1930,U2,FRA,LAX,2025-11-16T10:27:33,2025-11-16T10:49:33,2,Delayed,2025-11-13T17:36:13.092463
1931,BA,DFW,WAW,2025-11-16T10:54:01,2025-11-16T12:59:01,22,Arrived,2025-11-13T17:36:13.092463
1932,W6,LHR,LAX,2025-11-17T01:27:46,,,Cancelled,2025-11-13T17:36:13.092463
1933,BA,DEN,ORD,2025-11-19T15:18:41,2025-11-19T17:35:41,45,Departed,2025-11-13T17:36:13.092463
1934,EK,AMS,HND,2025-11-15T00:10:30,,,Cancelled,2025-11-13T17:36:13.092463
1935,EK,FRA,AMS,2025-11-16T06:13:00,2025-11-16T08:43:00,8,Arrived,2025-11-13T17:36:13.093482
1936,W6,KBP,WAW,2025-11-18T04:53:33,2025-11-18T05:42:33,40,Departed,2025-11-13T17:36:13.093482
1937,U2,DEN,LAX,2025-11-19T09:47:40,2025-11-19T12:12:40,53,Departed,2025-11-13T17:36:13.093482
1938,U2,DEN,KBP,2025-11-19T07:42:06,2025-11-19T07:44:06,33,On Time,2025-11-13T17:36:13.093482
1939,DL,DEN,JFK,2025-11-18T21:46:43,2025-11-18T22:18:43,9,Delayed,2025-11-13T17:36:13.093482
1940,U2,LHR,LAX,2025-11-18T17:47:29,2025-11-18T19:05:29,10,Departed,2025-11-13T17:36:13.093482
1941,BA,LAX,DFW,2025-11-15T19:00:11,2025-11-15T20:47:11,34,Arrived,2025-11-13T17:36:13.093482
1942,U2,DEN,WAW,2025-11-19T06:47:50,2025-11-19T07:24:50,25,Delayed,2025-11-13T17:36:13.093482
1943,SQ,JFK,AMS,2025-11-20T15:01:27,2025-11-20T17:31:27,47,Arrived,2025-11-13T17:36:13.093482
1944,U2,HND,AMS,2025-11-19T08:51:08,2025-11-19T11:24:08,12,Arrived,2025-11-13T17:36:13.094485
1945,AA,AMS,HND,2025-11-18T19:58:29,2025-11-18T22:20:29,36,Arrived,2025-11-13T17:36:13.094485
1946,SQ,FRA,HND,2025-11-17T21:35:35,2025-11-17T23:21:35,51,Departed,2025-11-13T17:36:13.094485
1947,BA,LHR,AMS,2025-11-19T01:40:35,2025-11-19T04:39:35,9,Arrived,2025-11-13T17:36:13.094485
1948,EK,KBP,ATL,2025-11-17T09:07:16,2025-11-17T11:42:16,16,Delayed,2025-11-13T17:36:13.094485
1949,W6,LHR,ATL,2025-11-15T07:40:49,2025-11-15T09:42:49,7,Arrived,2025-11-13T17:36:13.094485
1950,AA,CDG,LAX,2025-11-14T15:53:10,2025-11-14T16:59:10,40,Arrived,2025-11-13T17:36:13.094485
1951,W6,FRA,HND,2025-11-17T14:46:41,2025-11-17T14:46:41,27,On Time,2025-11-13T17:36:13.094485
1952,SQ,CDG,JFK,2025-11-15T21:47:42,2025-11-15T22:34:42,51,Departed,2025-11-13T17:36:13.094485
1953,LH,AMS,LHR,2025-11-14T07:17:26,2025-11-14T07:22:26,18,On Time,2025-11-13T17:36:13.095500
1954,LH,CDG,ORD,2025-11-13T23:45:58,2025-11-14T01:15:58,37,Arrived,2025-11-13T17:36:13.095500
1955,W6,AMS,DEN,2025-11-17T20:05:50,2025-11-17T21:08:50,17,Departed,2025-11-13T17:36:13.095500
1956,EK,LHR,FRA,2025-11-15T23:20:24,2025-11-16T01:39:24,34,Arrived,2025-11-13T17:36:13.095500
1957,LH,CDG,ATL,2025-11-15T14:07:23,2025-11-15T16:49:23,40,Departed,2025-11-13T17:36:13.095500
1958,AF,ORD,KBP,2025-11-18T08:28:52,2025-11-18T09:44:52,22,Delayed,2025-11-13T17:36:13.095500
1959,AA,FRA,DFW,2025-11-15T09:47:37,2025-11-15T10:56:37,37,Departed,2025-11-13T17:36:13.095500
1960,SQ,DEN,DFW,2025-11-13T22:18:37,,,Cancelled,2025-11-13T17:36:13.095500
1961,AA,AMS,DXB,2025-11-14T01:36:30,2025-11-14T04:01:30,60,Delayed,2025-11-13T17:36:13.095500
1962,U2,ATL,HND,2025-11-13T18:23:03,2025-11-13T19:27:03,44,Arrived,2025-11-13T17:36:13.095500
1963,BA,LHR,ATL,2025-11-18T23:10:44,2025-11-19T00:31:44,47,Arrived,2025-11-13T17:36:13.095500
1964,AA,JFK,ORD,2025-11-18T14:24:03,2025-11-18T14:51:03,1,Departed,2025-11-13T17:36:13.095500
1965,BA,HND,DFW,2025-11-20T11:38:42,2025-11-20T12:05:42,34,Delayed,2025-11-13T17:36:13.095500
1966,SQ,DEN,KBP,2025-11-15T18:59:37,2025-11-15T19:34:37,46,Departed,2025-11-13T17:36:13.095500
1967,LH,ORD,DEN,2025-11-17T09:03:12,2025-11-17T09:05:12,30,On Time,2025-11-13T17:36:13.095500
1968,SQ,WAW,LAX,2025-11-19T23:20:06,2025-11-19T23:44:06,34,Delayed,2025-11-13T17:36:13.095500
1969,U2,JFK,KBP,2025-11-18T06:47:54,2025-11-18T09:27:54,13,Departed,2025-11-13T17:36:13.095500
1970,W6,DXB,HND,2025-11-15T08:38:22,2025-11-15T09:09:22,44,Departed,2025-11-13T17:36:13.095500
1971,UA,LHR,WAW,2025-11-16T07:52:48,,,Cancelled,2025-11-13T17:36:13.095500
1972,AF,LAX,DXB,2025-11-17T23:21:23,2025-11-18T01:32:23,2,Arrived,2025-11-13T17:36:13.095500
1973,U2,DEN,HND,2025-11-14T08:19:24,2025-11-14T09:10:24,6,Arrived,2025-11-13T17:36:13.095500
1974,W6,KBP,HND,2025-11-16T13:54:11,2025-11-16T16:33:11,5,Departed,2025-11-13T17:36:13.096486
1975,EK,LHR,JFK,2025-11-16T20:33:27,2025-11-16T20:33:27,23,On Time,2025-11-13T17:36:13.096486
1976,AF,HND,CDG,2025-11-17T09:01:04,2025-11-17T09:28:04,49,Delayed,2025-11-13T17:36:13.096486
1977,U2,DXB,LHR,2025-11-18T07:44:55,2025-11-18T07:46:55,10,On Time,2025-11-13T17:36:13.096486
1978,LH,FRA,WAW,2025-11-13T23:14:45,,,Cancelled,2025-11-13T17:36:13.096486
1979,W6,LAX,FRA,2025-11-18T00:33:30,2025-11-18T01:21:30,17,Departed,2025-11-13T17:36:13.096486
1980,DL,LAX,DXB,2025-11-19T13:41:15,2025-11-19T14:45:15,18,Departed,2025-11-13T17:36:13.096486
1981,UA,HND,DFW,2025-11-20T13:54:51,2025-11-20T16:10:51,31,Delayed,2025-11-13T17:36:13.096486
1982,U2,LHR,HND,2025-11-13T23:01:07,2025-11-14T00:02:07,43,Arrived,2025-11-13T17:36:13.096486
1983,SQ,JFK,CDG,2025-11-15T04:14:15,,,Cancelled,2025-11-13T17:36:13.096486
1984,DL,FRA,LHR,2025-11-19T15:39:45,2025-11-19T16:06:45,32,Delayed,2025-11-13T17:36:13.096486
1985,AF,WAW,LAX,2025-11-17T21:19:26,2025-11-17T23:05:26,44,Departed,2025-11-13T17:36:13.096486
1986,SQ,DFW,JFK,2025-11-16T16:38:36,2025-11-16T16:42:36,54,On Time,2025-11-13T17:36:13.096486
1987,DL,KBP,WAW,2025-11-20T10:14:28,2025-11-20T10:36:28,25,Delayed,2025-11-13T17:36:13.096486
1988,AF,JFK,LHR,2025-11-16T10:13:15,2025-11-16T12:57:15,5,Arrived,2025-11-13T17:36:13.096486
1989,UA,LAX,ORD,2025-11-18T19:11:41,2025-11-18T21:47:41,31,Delayed,2025-11-13T17:36:13.096486
1990,DL,ORD,HND,2025-11-15T01:57:12,2025-11-15T01:58:12,9,On Time,2025-11-13T17:36:13.096486
1991,W6,DXB,WAW,2025-11-15T06:09:57,2025-11-15T06:13:57,25,On Time,2025-11-13T17:36:13.096486
1992,W6,LAX,DEN,2025-11-16T15:22:48,2025-11-16T17:34:48,48,Arrived,2025-11-13T17:36:13.096486
1993,BA,WAW,LHR,2025-11-16T14:11:44,,,Cancelled,2025-11-13T17:36:13.096486
1994,UA,KBP,ATL,2025-11-18T12:47:50,2025-11-18T15:33:50,28,Delayed,2025-11-13T17:36:13.096486
1995,AA,JFK,DXB,2025-11-16T23:08:05,2025-11-17T00:38:05,54,Departed,2025-11-13T17:36:13.096486
1996,SQ,ATL,JFK,2025-11-16T14:36:12,,,Cancelled,2025-11-13T17:36:13.096486
1997,AA,HND,DFW,2025-11-16T06:42:12,,,Cancelled,2025-11-13T17:36:13.096486
1998,UA,DFW,KBP,2025-11-19T20:05:15,2025-11-19T20:41:15,22,Departed,2025-11-13T17:36:13.097486
1999,W6,DFW,JFK,2025-11-14T13:05:19,2025-11-14T13:07:19,25,On Time,2025-11-13T17:36:13.097486
2000,SQ,DEN,AMS,2025-11-20T16:13:54,,,Cancelled,2025-11-13T17:36:13.097486
