Booking_ID,Flight_ID,Passenger_ID,Ticket_Price,Luggage_Weight_KG
ZGQJ0806,PVM4384,d8e07830-d0ab-4648-8155-3b73aeb9d25c,739.85,0.0
IXFP4220,ART1807,be24ef82-2723-486a-8109-0c6f6ea1f4cb,865.05,0.0
FVBQ9289,UJ1760,cba67edf-c242-416e-b2e6-61c687b76ad1,1441.16,0.0
SIPG1419,GY3081,901d8f64-ef64-46cc-a64e-9d7b8cc28c29,519.93,25.9
WRHM7783,WA787,dde28e2e-e9c4-4e3b-a47e-874dc1b1acd9,413.60,28.8
HWEC4254,OOC8319,5cd119d2-e954-48a2-9287-9d02ba83227e,335.54,
MCCK4314,BDM1756,cf3f6f76-1e21-4145-b781-adc03f2e7921,1134.78,
DTKD7247,IQ3324,754627ac-864d-4b36-98e5-40a415175004,664.52,29.5
VUNI8284,PB3709,eb16aa65-e0f1-46a4-afb4-bd2d1b041ef9,616.60,0.0
NBDB0011,BFV2135,4c3137b4-9d46-4318-9d0b-d8f4b367a3a4,1309.29,26.8
FCTE5126,WCD9496,c7e2499e-0a5a-4037-8c57-682a05506caa,855.06,16.1
EMHP6995,DEF7235,783a0924-6040-419c-b51c-919f88c63150,126.77,18.0
EMXJ9973,GSR9047,3c38d07c-ae22-4100-9eb9-e4577281f6f1,1215.45,0.0
ORZF8187,EQ2004,3f2eb238-451b-49d5-8b8f-3b1c5b06ddc5,476.67,
BPUS6093,EB9308,6aba2dbb-4777-4e93-9e59-d0c623d71b14,1074.96,0.0
WIJG9289,KUK4296,b9512de9-e269-43d0-8265-3bbdfc2f47f9,1066.72,
MIPR9547,SS6420,72fce11b-975f-430a-b7a4-b0df0887d6d9,660.88,0.0
OXCQ1497,DC4945,9373fee7-8044-4e7a-8d8a-4694fcfb218a,1270.98,21.6
EDCP0392,CF5883,5fba0373-1433-4d0a-bf71-ea57718aa8e3,1242.49,
QDJE7066,HZ9817,d44f97c5-9eda-4fc1-8122-07790e182621,1403.12,
XFGU7199,KUK9587,6367d9da-8273-4cb2-95cd-bb5dd318adfc,1343.22,
AQUX7964,MFC7399,704954ff-cbe0-43bc-bb2c-31f9c705902e,418.45,0.0
LBYS9572,GIV8780,ca9ef774-7adc-4d2d-a2ce-5ae26aa46461,1005.64,0.0
BEDY0270,LYK9809,49c62831-734f-4435-8693-e8ee677dd389,829.14,25.9
WBCD1951,GIB3665,e2604166-2d1c-4c27-ab6f-b26846485e94,827.13,
PDNY4817,OY2257,93f0f32f-436c-454e-b514-e9d05e473f72,1239.77,
DKDL8072,LRX3120,70a0824a-3fb1-42fe-9474-c290924aa86b,348.17,
GTJI6765,INQ9120,abe78257-6169-4df4-90a4-195d90303500,1217.22,29.7
ZDNE9841,XWW1767,1c40d6fa-a4cb-48d2-abe5-dcac3a2d9962,1331.83,0.0
IHLD9225,SIP8806,609652eb-6976-478a-a7e4-c6359412e1bf,480.65,
EIGI6862,DQZ5067,01bb661b-2863-40af-8cdf-3f69d0487315,1172.48,0.0
GYIJ2127,MT1401,7bcba5fa-b825-4b80-a88a-68b47f4d255a,420.34,
SNEG0113,DV9647,c31951b6-296f-4dfb-b839-ba5bdf85dc8f,924.63,18.1
EONH5771,SIP8806,d4e0a9f4-ee82-4ac9-842e-eabd90406427,438.05,21.5
NXYO9235,SQZ7217,6c622428-0eb8-4f36-8297-4e4909011445,665.48,0.0
FIEU0865,KN6223,88105fae-6e64-49c5-9ec0-00c95cac013e,1120.73,0.0
NBXH6555,IAW3501,aed3e8b8-9e37-4826-9d10-29286705c4d7,988.28,
CIKY0867,TP631,57f27e73-349e-48a5-a41f-4eb35a304b65,181.42,17.6
YKJY6743,AS5054,699231c2-5241-41f7-bc97-80b539c1b612,1191.44,27.6
WWHE0117,ANP756,3f6f30ae-4124-453a-8142-48d096535665,349.38,0.0
OWZR9836,FPN5344,583def69-91b4-46c2-8a1a-4e6e5e25cbd0,1293.65,25.5
XGWF4374,FU1754,9b5f331a-a085-441f-a713-7fcf4bba19a7,1090.02,27.6
VNZX2403,TC1012,a076abd3-861b-4059-81c8-bd721b04dcb8,395.78,29.0
FNFL5457,UNG6783,121e46f0-9837-492c-b902-59eb06f3b73c,1396.17,18.9
YSTZ9170,IQ3324,ec533f8c-2875-4bce-bc0e-9eb8671eaa6a,402.40,
LMZI0905,DD9975,1102ad80-76a8-45b8-a2e8-430a7a677bd7,680.92,26.6
MXSI6162,YS1501,afc62a42-76f4-4dd6-afde-f0c86ceab3cb,622.13,28.6
HTZJ9996,UW6689,4d755e06-0493-4c30-b72e-54336dd20b37,844.42,0.0
WRSW4544,VTT9234,71279713-8c3f-4bdd-ac5b-349def2f16d3,917.33,
OBIM0029,PSO4283,3dd8ccb3-23b6-4dc4-8d87-4e574eb79257,590.05,27.5
LFGN6121,QK898,57264f5d-870a-4341-a34b-b1b223ccb6a8,1015.57,0.0
BBLE1576,WVX1946,bd9c8580-a477-40e5-8321-cfc17fc1565e,1065.70,
HDJN7879,DSQ1547,f339227f-d0fa-490d-a901-3a71beea92c0,887.13,
JAUO7260,YO5700,6f3d8229-8cb3-4ac3-b4b6-8b7918d53823,748.93,0.0
OTBL8369,YI2511,c36a54ff-cf58-4720-b211-f4a25f808ddb,505.87,0.0
HULR5088,MQZ8759,3b8f4021-00bf-4f04-aa5f-4a21e69c3940,866.25,
EONP5324,UXR8239,406e87f2-103e-4519-9309-82339e20b069,508.50,
FXMN4383,KT2033,fd1cef30-173f-44f4-8ec7-29c233ddd5a6,221.77,15.2
WREZ5481,TOW8056,968f539b-4b93-48d7-a450-b9510469572b,1107.42,24.7
TLOB5055,OR1038,269b6df8-4483-4eea-9ee9-fa98704e8af8,585.71,0.0
VJQD9949,TOW7395,46353b9a-184f-4493-bfa5-a1477a7b5044,1080.13,0.0
ZXCC5258,VE3564,bc8741c9-c938-4ec9-9769-1139d2927b12,1021.26,22.6
AIOR2911,HBV5706,88590799-78e7-4207-a5a4-11f5850b9924,557.50,
ESCT2498,MVE126,52ba469f-6267-45a9-84af-67ea25b9c4eb,701.63,
XMDC5358,RC530,dd28d379-f911-4cd5-9242-e8b80fb3febe,622.50,28.1
SZBS5561,OL4480,306cc74d-a731-44bb-8644-e53b83e16320,1018.32,0.0
CKPW2307,XWW1767,b44538bc-64dc-4251-8020-23819d0d2e73,1454.64,0.0
IABV3360,NRD2763,3120b519-91cd-4e27-87f0-68ea7264931c,1385.06,28.3
LADB8095,TCS4918,0311266f-d17b-49f2-bd47-80c22028388a,668.77,
YWSU2984,UB5676,0d8ddaa0-1b40-4b09-aafa-8bdd8714de1b,818.32,
VWLZ7397,KT2294,cc28ce67-2c9f-4215-9581-6563ea370d79,1257.32,18.7
VLDE4390,ZL8547,95329a28-3dc2-4a9b-8968-82c63de3146c,357.44,0.0
ZPQL3558,VE4857,2f44189e-52b4-49a8-b69b-a6c04d60f84b,651.02,
HMMN4893,INP2643,0c33d670-e879-4fb3-998b-f23d8cb051d0,157.48,
TWOC6270,OL3415,6e3fe6ff-bd7f-4d52-9ad4-a3517d52965a,873.22,0.0
DCMC9957,QK9202,da9456fc-3cba-4a55-8229-b02d4e2804bf,1159.19,16.5
OTPH7435,GJ741,d14aa843-c36c-4ef4-ab60-09795f38814e,900.25,0.0
KJHC6131,DT9789,e78815e7-f1d5-4a7e-abe9-aa2c99764cbb,244.05,21.4
IOYY6286,GJV6681,2498275e-7cd7-439b-8e9d-4f9293df3b5b,1257.72,0.0
LASD0372,MC8787,c2dc50e4-309a-48e8-89da-6f9045de8b37,343.75,29.4
OVWC9446,SG1112,817082bd-8630-4abe-845e-3a7e153e2b14,1137.89,0.0
TYPM8749,GO3376,ff24f894-71a8-403c-b4e8-fc7880eb1dc6,366.94,25.5
ORPF9436,IAW7928,f5cd7032-6dd1-427b-a1b6-e8e7290354b3,705.33,
DKQE5496,GNG7096,27fbe98d-5d2b-4c19-bcef-acb0bf8100d6,398.18,
NSDX2795,ZJ8141,8c76bfb1-5167-4ef3-9adc-ecbe51c1c4af,1359.48,28.8
DEOI3790,FO8235,c1811059-1908-43d6-ae6c-2ac8325d0193,1151.35,
KUEY0285,HW9518,f06256fa-4270-4551-8658-1eb48eb672d5,1029.50,24.1
TMHK3943,MX3566,98b6c368-6a2c-4cbe-a202-ec34cc588333,800.35,18.1
EOFG9954,NO6165,8423cb98-3578-4eaf-80f0-be50c475b9db,359.97,0.0
IRST3191,GTO3765,0268c358-37a0-430c-8395-501eca2f052e,1401.36,19.4
NRWQ5609,EN6907,ed9b0f58-1f47-42ea-a12c-907e376b7c29,125.99,21.0
CBRF5266,CI7743,7bbee9ab-6bd7-4db4-8300-e3916f95529e,511.71,
GZQM0570,FG2050,dae988d6-0f25-4d20-9eaa-ad77f9e1030c,1105.88,20.5
CRNX2160,BDM5005,4fa2f669-7420-4bbe-8cbb-9ada5bd80168,580.92,0.0
FFXN6860,JB6810,a8ed38d0-997e-4c70-9c0f-95cf6f280027,1313.01,0.0
NUHH6801,UCS4453,a85bacc0-df0f-4f0c-bf03-4da3a9832599,1228.75,
AVAF9416,AO2530,f10d03ac-6f05-4b23-b4f2-582bfd969c8e,910.56,
MTHE6506,KCU8311,3554fd51-411c-4d5e-8f9a-e8ee6aa22c89,438.02,
YXTK0081,OY2257,5ccb99fc-a230-4135-81d3-ea8091a843f9,263.58,
UKBY6921,EE6557,4be8793b-1053-4263-a8a4-8422478121fd,928.50,0.0
OMVZ1983,IJ3505,3261fb06-a90d-41c9-8ed0-f7ae9ad82d79,310.59,0.0
UPNP1449,MR2577,694266b8-1470-4282-b062-ffa23939e316,309.34,0.0
PTGK0062,KRD2853,16159a5e-47b8-4933-9bc2-b2578e353b2b,717.68,0.0
YZMS5450,EDS6254,863c7592-a993-47e2-8fd3-b9d41c589207,305.69,0.0
DWBI7337,MDW3361,77b8aa4b-e9ad-4d9c-b788-761a189046f9,335.21,26.0
UWXX6118,WAM7963,c1e39cdc-7eec-4426-86ec-a095293b171d,739.37,0.0
DTFV3963,KM3278,c7b421db-46cb-45f2-a557-994366dcc928,405.44,0.0
NDGU7375,BV5686,28117dd0-21d7-4760-8427-548c617e4e59,372.07,0.0
UVHP7003,XGV6377,ea88dbdd-10f9-44ee-9110-e13a88179c42,246.31,0.0
NLUQ2722,LK9855,9dcc89b4-e13b-4d56-90db-f3d954d591db,1253.56,0.0
IKVE0826,GPE7931,20516eeb-52ef-4dc6-af07-ae4e99f91dbd,577.53,0.0
JGNW0768,NNV7567,3e3a4fbe-b4df-47ce-b667-36ee331a36d6,609.11,
YQPS8809,IMM5861,1498e7a7-7c92-402f-aacc-1ee93f3baa43,257.27,
FUTC0801,JC3574,cac8a344-6c1d-42ef-8530-9d792519d323,612.76,
RNZD3185,LYK9197,c65feaa1-daf7-4621-9f06-2989d5c52fc3,1412.26,
MQJI1464,WQC4213,41a0aa9b-ef42-4b20-b48b-794f5bd2bbc6,989.11,21.2
NJHZ3663,YJK9012,c8eb0d5a-1366-4a2d-af1f-698fe7616d73,170.69,
PSPA5608,LF7843,67e016cd-3d74-4a70-ab12-f0d63cccc142,342.93,
JBNB0899,KA6204,99af6300-570d-4f85-ac6a-f126e8edc079,922.30,0.0
VXCM2775,OHN903,c784ec91-a486-467e-b17a-8fb35f725138,404.60,
PHKN2981,EE6557,c52da93b-c19f-48d7-9053-48d4994c24eb,902.37,15.4
PCUN7937,AS3724,eb05440e-9a23-467e-9af3-6a5abb7ec3ed,1396.25,
HHGZ9409,JC8345,22037a5c-2340-483e-9347-768e86234adc,804.14,20.0
UYZM5746,RCD6397,c4749b32-c598-4186-9300-ef84c9008fa0,1338.78,
LRHG2794,PNA8029,5d97d85c-c4ea-4e5b-9d95-c476882b94c0,1009.98,27.9
JFXU8937,IR914,6a0d8ae9-3a62-4b74-82d3-64c9ea48f973,861.36,0.0
TZFH1244,YU6711,a4597a13-47a8-40e1-9d5b-6650b4c0011a,188.30,
VQPQ2054,TCS4896,84e92a19-219b-4938-a6a9-3da7a25eea62,902.72,0.0
PNPE2813,KG6942,9683370f-9b98-4c8c-bf27-5e554086b571,1440.44,17.9
FCHQ1929,OR1038,942a1e65-c07f-484a-a2d6-ff88a135a586,1381.42,0.0
FMEP8083,WVX3383,7dc4c2e3-43f4-4e3f-953f-9125d001ceb1,1248.41,
QXBV0927,MX7706,c0925790-419c-4eb6-b462-cb42613413c7,379.82,20.1
YHYM3440,QSF8065,eeb0f24d-12e1-4057-9d37-7b2e23e32a03,533.57,
BUXN1248,VV2691,3606d144-24c0-46a1-ac0b-d64e8559fde6,757.30,0.0
DVZA1327,SQZ7217,b1106baf-321c-402c-8cb8-3306d912b606,267.36,27.4
RMAN8539,TS3731,69b55669-446e-442b-9836-6560058f3b75,273.79,28.7
LNBJ8095,JZZ788,25642507-1891-49da-acbd-e7e00539a85b,1138.53,0.0
LTFB4316,FL8508,1bbf87dd-6f7d-404e-b4a1-a733df5415ec,1288.94,0.0
FUEV5403,MD8994,47048c04-79ab-4b40-832c-de138ccbb9cc,1079.98,25.3
SSUZ8935,UN4103,4946caa5-c2b8-4fe1-83c0-5ab535a396a1,1374.20,
LKAK1415,LR3665,dd934fbb-e27b-4bea-830d-eaa0c8982a3b,1192.41,0.0
CMIR2895,IEB2079,78ade3d5-9e88-416c-8911-3b45ef65648c,688.93,19.6
KOQK8530,ATO6017,177c5cbe-bd0d-4925-9910-4cdec5ae6141,998.98,0.0
JJMI2374,MX7706,c7792850-c926-4d3b-8a8a-e9259e1a51eb,866.17,0.0
ONIQ6625,DW5338,620a8ec7-fb52-49dd-93b0-96a4e9139825,1172.91,
BSZY2011,GPE8408,b38048dc-8bac-4988-af40-d18e4c195669,225.49,
OTPZ8676,YRE9743,c95b6bf5-5c4a-4aee-bb42-74d4d4f5277d,151.94,
TOWG6383,OJC1581,8ee8084c-cdc1-448b-a78f-1680d1852f64,1421.29,
HNXH7361,FB7520,55fb6db0-fb9e-4b51-926b-9ccc0d17bb34,625.15,20.8
AEOM9128,AYR9890,857883bd-fab5-4a89-be26-54c53ca46d14,752.22,20.5
CNOD7403,TU4545,241f9ed0-8032-417b-9c56-4ba6d39cea0b,1185.74,0.0
IZSY8917,IIX3762,4e78d5e7-ea33-41be-a8c2-9a7c325d2b3d,1290.35,
RPHG8263,QJ4008,892d6db6-2d59-4057-a69f-6f78cd88eb21,1220.58,
MKOD1181,UCS4453,93d8c7a0-c02c-482d-82c6-1b570eef4b29,1143.17,0.0
NUSS6727,ITG5573,aa7d635e-3887-4d70-9436-e9c52bd31f45,349.45,
QVVJ1102,DBP4073,6335edb3-ac16-4d7a-ae17-d1e53443caf7,624.74,
QKLW0556,VML9153,63dfe76b-cb55-47ed-a88b-5dfb2786a494,712.20,18.0
PZGN8292,KUK4296,ad9fe048-3a33-412a-ab53-39dc7981c48b,429.49,0.0
CCFT8644,DU2243,d81967db-ada6-4cd6-9048-7331e0e4cda7,268.06,24.9
NBCK0917,OJC1581,71522323-69a4-4848-a40c-691fa4cbd842,1139.83,
WIJT5798,XB7812,49830cce-b182-4bdc-8e11-a00c542be847,1277.76,
JNET9953,HFQ8024,6814fa32-397f-4792-8acf-7846ebad32ba,698.70,
EMBN4004,HZI5816,534e7b47-89fd-4136-bc1a-b69721406ec3,1254.48,16.8
TCVU7842,CX5733,3701923f-4090-4c75-8aca-eab24b8fe754,1272.19,
GYFM8843,NRD6570,1d821203-5ae9-4ce4-bfe5-e642eb2efc40,519.82,15.3
AAEZ3783,ZU6824,7e47f811-e6dc-4f61-884e-1c3358ffbb30,1482.29,
BEIE0649,KA6435,62b540e7-142e-4958-803b-725e9b74c090,244.15,0.0
RROR6479,ITG2606,fb3895a6-ea5e-4b95-9fdc-04cdf1d08c3b,892.25,0.0
GLSA8125,ZYV5371,8a8531d1-378c-42a8-98a4-2acb76714661,994.52,
NEOZ8247,QSF4283,ca3d7b5d-4cb7-4e9c-8ead-d87d0f534f48,1166.75,0.0
SFPB3201,VNL8249,e10fee6e-115a-459e-96aa-d81e0fd4ba29,632.11,
WNCY4001,NNL491,6bbc0d6e-1730-4cd0-938a-0348d9e2d1e4,535.85,0.0
ERDF8057,QXU5194,bd4798b9-faeb-464e-b328-ad638d0c3cd2,282.68,17.0
OBOH0826,YRE9743,20bf596c-d280-4e7f-9ef9-1e57f58647a0,467.90,
OJTQ9012,SPJ2703,4d161d23-5f61-4cd8-b7e2-08cb980fd186,787.57,0.0
CLBT0355,KW8468,778f2055-94b7-418c-ab14-d0013217c3b5,902.20,0.0
SGWN3481,ZL8547,e14f93f8-6b49-483d-9e1e-08dac80ae28a,264.17,0.0
BUBC8639,DSQ4506,bb5c2d58-6c3f-4ecf-adfa-76279e86f1fd,774.19,29.9
CDFH3892,CVV7107,1edb5c07-a5be-4450-a91a-13c36fb1cfa9,873.58,29.2
TGLL0316,PJ4749,c125a3be-2ef7-448e-91f3-32747c026ce5,1313.45,22.2
RWTO9702,HR3419,80c14e79-a5db-4dac-bd9b-2bd402977f22,565.18,0.0
KATJ4349,ZV4563,4452bc4c-812e-4681-828c-9281d63b888d,290.50,24.2
ASIC0518,GV4603,ce3dd15c-4eb4-4144-b69c-f0e53e572513,1330.20,
LPXJ8598,OJZ1678,27b96fa7-b72d-417e-a374-1963aac61412,486.90,
ZBSF5946,LYK9809,d9f57d5c-0e41-4cef-9b55-00f9e6efac84,1462.73,0.0
IPEO0587,FQA119,e8a9831f-39cb-42ea-99ed-3e4215e7a84b,347.60,
HRET4586,TOW7395,9dbd54d4-31de-424d-bda9-25e307c9cf2c,1398.23,0.0
DWFP7795,ML2062,f82af1ff-ce6a-4fd8-b856-bff9036ba4fb,1333.05,
FXXZ8260,JT2966,5527660c-4c1f-4dff-8707-f61e35819b6d,819.36,
CUHZ6968,SFD4987,47e04136-9a4a-4703-9299-40b89684c9ec,1276.96,0.0
WERN8153,KE2241,a5402b3e-19f8-40ae-8b9b-2b8537ca68f7,146.98,
YYDR7353,PJ4749,eb894584-e494-42ae-8a4d-899e891d6acf,856.12,22.5
QTVN4095,ZTZ7936,51949956-c2fe-4809-84dd-ca4c43b80882,931.12,
YPYJ0208,QB3447,f12bd9e0-2bf6-4223-a347-ca761f876e3d,992.77,18.1
YGDV4243,XWM542,a290bc92-3859-473c-919e-9088a8e9c462,1455.14,19.9
SXNB8314,VD1339,5b550412-22d0-4dae-bbfd-ec65c71f4799,1380.58,0.0
USUV4809,DU6494,d345205a-6ba3-457f-abdd-9707e7a8fbef,537.36,0.0
BKHM7701,OOC8319,5e10c16c-faaa-4e4a-8909-50a131a52c85,1318.75,23.7
FDUK4985,ZU9277,b09475df-417e-4428-8906-d805fdb019ef,375.95,19.5
HDHQ1864,HB145,bb0c186b-52b2-4e50-9474-4048520e05de,1448.37,27.9
DCHL2410,MUW2437,aad44b8a-6811-423f-ad0b-98ea957cb0ed,971.47,0.0
JIGG7769,YMZ3011,8cbb2444-9d08-40f7-b442-b745bbde5d41,340.00,0.0
LBEM5137,HO5169,a58b87d4-1814-470c-a306-c518d0d7863f,1097.15,
EWUA2981,TKR6561,537d4655-0964-4b2f-baf1-6e574d158005,481.05,27.1
VCEK4745,BT8680,3e086789-52e9-47ae-b834-7fe72821ecb3,507.32,0.0
LJWG1584,WUT906,56f2f825-7678-4e7c-9bbe-855ac54215f1,1265.52,
VYPL5885,WG6266,218e1e68-be46-4449-83b0-3ab669359ed2,1369.73,0.0
AGKM2481,FPN7507,14dbda38-b99e-4f94-941e-d3a72091c8b5,116.31,
QXXH0150,SIP8806,1a43111d-9ee0-4952-a3ec-716c6bb927a6,1201.47,0.0
DTCY7184,ZU2710,f7330f14-405b-4721-9a5e-8084c0a779a6,609.39,0.0
XYEG5728,YCP4123,b56d0e5d-49ce-49d6-9121-49522c920814,231.22,
HSEZ6989,AP3762,050a1c00-b972-42f1-a133-3e942a7ac843,1469.64,0.0
FMAL4903,UP3859,6e29220e-3b2f-4ec1-bd6c-14d5e2e3b305,1326.97,
UCUU3575,DM8883,8c3dbd84-6bf3-4a76-8b0d-2bb17c6d5e0c,118.48,
SWGU0490,HA8997,12cb8636-c180-4542-959d-dbd57db144fd,263.92,
KFYO2983,MI7628,3c1cd4fe-2fb5-4054-8f39-5b9b7800bad7,411.53,21.4
DSNX8212,OHN903,c64e1877-2ed2-4a31-957a-3c7d284f019f,342.83,16.4
VHCQ9869,KT2294,237bf0a2-c4b1-47b5-9bc1-d8fe7e0d5be2,1004.22,
YYHD5819,UE3062,c2ef0d36-ca37-4418-9343-0a21c5748c19,687.78,29.4
AUKO3113,OE7559,a0a5c295-7e89-429a-9675-1b25778627b0,203.11,23.8
OMFK8004,HOP6868,f25c0d8a-5a95-463f-9398-98520aede454,605.24,0.0
ECZU0509,FZT6016,6ad6dccc-5c43-4e79-bc90-86860b03d9d3,789.66,0.0
EWOJ9845,FZ5686,f30f4f75-afad-4ec9-9920-ac56e7a539e9,1492.76,0.0
OVAN6888,MT1401,7f924dfa-e431-4493-a8a6-bc0b7c0add11,1174.33,21.6
BZQC0852,OZU3293,248b6d27-d489-4965-9ee2-6f9a520fbe82,344.01,21.7
TKRI9132,OE6766,276ceacc-0274-4855-b01c-1be56de17c75,1231.60,0.0
JTJT3297,TY3747,f448e86c-30f0-481e-8cd7-77aecfd6684d,1065.54,
OZPP8419,ZYV5171,d3ee9bf3-9962-44d6-88c4-1a84527d0322,215.31,23.5
KLPG7605,GPD7298,b69b3f82-f9db-4e01-ab0e-6d4d6709cdc9,457.23,0.0
GVCN8008,GL2122,59c209f8-a570-4280-b599-1b379c57375d,1468.58,
HKAJ6098,NLE7401,525ec56d-a675-4502-856f-1a2d4e34f8c8,1316.98,
NMWS7785,BE7151,8dda6d7c-7559-4421-9c6a-b2d71f7a528f,829.55,
RMUM7128,FPS1252,fce4f0c3-2a3d-4fb7-b367-06379ad732e4,975.91,29.5
OPPK3287,GSR9047,6dbc68ca-4768-4348-b670-af59ca826f1f,266.84,25.2
AEVM2837,MD6089,fb56561a-300b-4887-a1b9-c044a692ec10,761.82,
LGNL4787,ATO7778,d8906a1b-9e1a-4a8e-809b-d30b87d25e6c,1434.33,
JQPS2460,FB7520,863eb884-7ed9-4b55-a67d-5ca2b3f9f85a,181.19,21.2
KZMY3963,CI1393,0ac20823-c642-4e85-ad6b-57ced4997971,1398.98,
ZQUA4025,GB8982,295362f2-cc52-4c87-887e-ac33371a74ed,593.78,0.0
GHWH8301,SD8876,d9e16586-5e26-4aa5-bc5a-54b513c0e6c1,890.72,0.0
DEMS7281,TU4545,900ddf2c-872d-4670-9ee8-f5cc9a45239b,1296.71,28.1
NYQX7781,IT9656,65b0e8ec-1f21-4bba-a408-151117efa501,1127.03,0.0
LYTB8352,LKM5969,5f4701dd-37b6-4d95-9226-4fb9d2673436,1033.69,15.1
HFNU8987,SJ7266,6296a17b-7bf7-46c7-bfa1-a3082c3280af,285.82,22.8
XSFH5863,NKY1959,9491e540-cb80-4907-a461-6319eb729ef0,1198.54,
QOAZ6729,UP1394,10193e78-bc39-41cf-8bbb-d70d93d6f536,497.87,0.0
LDIY4124,VTT9879,cd8c1109-dede-4957-a038-31d39d074b33,932.07,29.5
ASVW4885,KBP9598,79e0bb0c-e281-43cb-a97b-d52824b4bb87,813.74,0.0
UPSI3495,ZV4563,a2da96d1-1904-4f13-827c-6cb0f1090807,810.86,23.0
BPRA5275,QSF4659,16211a7b-0d79-4016-a062-ccffb4d811ec,969.68,
SQVR7069,DM3165,3fb7fb46-d117-43f8-87c9-5f0566d687fc,822.89,
WUGZ6215,HD5504,247ef68d-0607-4e9e-b17a-7abd3b0e9e86,394.65,19.1
VVXH3663,DW3122,112e0118-4a12-4a5d-89dd-45765340ccf5,1063.32,0.0
ZGXK2272,LT1805,075c6516-e290-44cb-9e50-807eeb4af806,1070.75,0.0
UIHR2763,JN4222,96323336-51a1-47f0-ab84-1eee08b829e9,1183.32,0.0
BJKZ7424,VR270,3f33a569-8098-4361-a927-cc035e34b258,1463.92,0.0
MPPE9553,PNA8029,1248060d-1fc1-4904-ba5b-ef2ecdb73ad8,373.25,18.4
BWBS7689,XO6015,0f1593b5-3001-4be5-be00-52e2dd4a2620,577.01,0.0
SOYS7204,GB8982,62d7789d-bdff-46da-9bba-a89881ed14be,1412.60,
CZCG0391,TM4564,c1b37eb2-32f3-4c24-9a52-37d775223faf,102.55,
NIXJ3741,UW7422,1e2416dd-aec7-41d0-a43c-e119eec8d9e8,1449.92,
YPXP7346,RN569,90483322-69e7-4257-a26d-05573151c9ed,1051.04,20.9
RDBC5557,ATT5480,e113611a-1954-4fb8-b2a7-467041f6c52a,1276.58,
XISJ0039,KBP9598,fb307591-020f-4adb-935b-41b531ca6aed,867.53,
PTCW1986,JZZ7984,47f5479f-9e0e-41b8-b042-e17f23f6ee84,290.23,0.0
EHOK0018,AYR9890,01872c0c-6417-4049-aaf1-0a63cc65f0fe,973.60,0.0
YACJ0204,MXF580,32dabc94-f784-48cb-8cdd-4f6be6b7ccd3,1031.17,0.0
TIVI8180,DWR6880,bf8db788-67ad-4955-a815-054313bbbfd3,1228.31,0.0
CNXU1864,MFC7399,ffaccfd4-0c22-449e-b58d-b465c0328bdc,1192.98,0.0
AUKP1649,PNA8119,47cfc88d-0d69-40c5-bf5b-1d214c4675ce,1133.53,
ECRM0516,BX8439,848870ea-f89c-4962-b4ae-c43897c5e6d2,1152.39,21.8
NESD9863,ED8406,72684583-9d60-4b0b-9282-7bcae67e660e,482.09,0.0
QXJO1695,UOU3585,a9e98a7e-3ca8-496a-8c81-657f4156440b,550.52,
JXRF1533,DC4945,a00feed8-6a22-40c2-960f-c176b31b7081,1470.27,0.0
HTVD8557,GS4122,03ea7bf4-4a4f-4c19-bfce-7eec2020448e,1201.46,19.7
LTYM2267,QUD5412,b769582b-d658-4d85-8ac9-158c570125f8,1460.51,
DJSZ1609,KFA8544,1f5bcff8-bb60-47db-9807-0e582b05836b,527.65,18.2
NQZH0038,VMM3827,8b750e00-6543-4a02-bd71-524d77e8766b,1119.67,30.0
XFCQ0417,HC4116,ee327156-5224-4c87-ada0-a842873547d1,847.04,0.0
OWJE4866,AS5054,bf349079-a624-4e37-8140-1ef89cfcff8f,740.81,
DMVR1382,IH1941,ff45dca6-5304-4d39-8fed-23365648b3f7,902.62,27.1
MYFX3648,PJ4749,286613c5-2317-4152-af01-6381bda55ce1,483.84,22.8
IKYQ4714,RS9029,c5547269-75e4-48e1-a093-ec36055470a1,1463.63,
ERXF1761,BE7151,7c0efe3e-5204-40d9-8252-acb85f8bcfe2,674.61,16.7
JHGJ3749,DSQ1547,efe1272e-7dea-49c4-ab7b-1c092d00d1a7,559.32,16.6
GHKQ8635,RB8353,82a90c64-be3d-4db1-8117-97a5dbd8b21d,798.19,0.0
YCRG4842,WW3426,f03255eb-b65d-4f9f-8248-24d036147044,224.99,24.7
IYZI4470,OOB4654,4794bfea-4df7-4560-9386-50c83b0814e6,1022.94,
NQYJ3654,ZGD1492,12feafd7-bb24-456b-9b79-15ecc50c7cf1,861.86,28.9
BIWK4097,PZ7108,8b3b8826-c181-43db-83ba-a1a7686df184,1187.40,29.8
TOLQ2397,UBW7210,0e34eeb0-d667-450e-a28d-116db622ab66,272.86,0.0
YPWB3682,PJ4749,9f127358-b7fa-4365-b015-12d5893d6f49,1216.59,24.2
RFEH5282,QJ4008,2f0423c3-e4b3-462c-bc7e-df8fe1232b38,471.31,0.0
IFBP6213,SA9590,1ce9c206-382b-4150-a911-5a208279f287,940.31,
KFMR3476,FC9971,e1383d93-35d4-41af-b853-ba4a407cf1c0,1203.25,
OAXV5534,KCS7050,8cee77d4-5e82-416c-901d-c15786b97cc2,1308.73,
CCEW9693,PB3709,efbf6563-7457-4683-8ae8-836ab49b1133,292.16,28.0
GUXI9443,WQ7900,4c585db4-59dc-4506-8ad5-035d2b21bb9d,440.46,0.0
OWEO2337,DG9891,d2a0f7bd-374f-4082-adb7-44820029a9e7,565.82,
LQXU4503,RX4174,ca5d2da8-5518-4d08-adae-392872631638,538.25,0.0
UPDD9081,SA4824,2fac65b2-36f0-46df-ad37-0edaae17400f,1010.65,
YVWM8691,KN6223,f5425379-012f-451f-bab0-009feac12a55,1184.39,
MJEU9929,CWE6516,b89e14a8-6718-49f8-af42-28f144be17f9,755.53,20.8
AMNR3110,DMQ5315,8d2266f5-c2a8-44b6-959f-3a4c8807ecd6,447.73,0.0
JNMJ1024,GIV1207,760f32c9-c7ec-43e3-8675-9423f33e3295,923.56,0.0
GYYO5474,RRR7655,240be88c-0476-4440-aa41-eb32975601d5,1374.24,0.0
YPWX7444,DCE7175,3d998ae4-1faf-4a01-8fb3-0d62de9f290c,1461.09,
ABXO3338,IT4577,b1f15ec3-f1fb-482c-8ace-92bb1e4e8cbb,1273.29,25.7
TFSL7560,QF7917,89fdc7d5-f6f5-418d-887b-d2a4b133f412,568.74,0.0
VZKF6308,GH7403,412960bd-755e-40fe-bc14-9a4e25bf0eb7,676.55,0.0
LKHO9935,KG6942,e7378dba-0e19-4392-9351-5d3b7b8c7c55,821.31,0.0
KBOS7002,SV9317,93577937-c861-4f79-8e73-295c1b7786b9,181.53,0.0
NZAX6252,SW1919,730b801b-fcfc-42d8-8fb5-1ceedd8dcd65,1057.82,16.6
GTQW9431,YXN4183,bf4fc776-6546-473c-b1d8-1d8c09b2db57,387.58,
WRLX0636,ED4915,f608985f-df3d-4483-bccf-310d76c3caec,993.80,
OREQ2135,XGO9731,c140202d-8c1a-440a-9960-1d5a108e8e47,405.02,0.0
AXHA2441,LR3665,25fd04c1-69fc-4a08-a032-bac63ca13630,1395.83,
WMEH6825,LYK9809,0bb685c5-1d6e-4d5b-8e2f-e9709b57cb43,592.84,29.6
LCRL4493,INP2643,f887be84-be06-4efb-9008-a24c58d3add7,272.05,16.1
IWZD1285,TP8408,f4b0eb40-b5df-4788-b642-10f61d155aac,545.69,0.0
IWJD9268,ALD3726,a7cfe7a1-53c0-4a52-bf8e-084b983ca19d,396.98,18.9
EWOU7252,FL8508,b497ab43-fad6-40ea-b64e-92d5bbd5d6bf,1275.37,26.4
RYUS5234,TY7768,3f17587b-3b0a-4000-a606-80054b722db4,1151.95,
IIII8028,XO2029,e9419c82-b399-4b20-a95c-9d69d383e5e8,493.30,27.4
WAPT5558,SIK156,9572069a-c056-426d-a413-18348440e811,612.85,0.0
ZPFO1568,WA4624,4bff92d3-c862-4e5b-a4cc-7fec56d0162a,1182.59,
MDVG8801,NT9610,e379e4a6-6e0e-489b-818b-cce6e406cf8c,1239.92,
IUJM5727,OB3099,b62b49ef-3602-4dfe-b4c3-2718ab6f6193,356.41,
JYXD7165,MRM7091,9125f55d-9cfc-4cdc-927e-103c834d3979,102.78,
BMIG6884,BFV2135,91609140-d552-43e4-a021-8d4c6f10102c,760.89,
PEPR4551,UP1394,fa91bd9e-e256-42ac-af0a-8021221f8d3a,383.18,0.0
ABYB4766,OE6766,22d2082a-a4f6-4127-86bf-e6de9d5f408d,1008.15,
CIAO1745,BL6845,5a652bed-2e1e-4462-9c00-c57285560d05,351.19,0.0
IQLN0218,MOY5959,5226d0be-8903-405e-845f-be8dc19276dd,224.88,20.4
PGCC8931,VW400,7f68ac43-1424-468c-b77f-69f21bcb8c9e,1261.46,0.0
SEAT2958,LCH9156,df8fdf0c-c40f-471f-9093-e1ff2e3751f8,650.98,0.0
QIXT9590,TP5740,a8732f00-faf1-4489-aae5-d07f36374d8b,862.62,
MZEU1563,BH7864,d1c778a1-cb00-4c10-b3e9-88560c7a8c25,1207.36,
GMCV5164,GL6877,2f24802a-aa8d-4fbe-9d42-07a83c36f9e8,1172.72,
OENG7481,FOH5904,48cd0b6f-ce10-42dd-85c5-3ed7a787920f,1175.41,22.3
EGRO2530,DPI2853,6cc95d1e-7bb5-4c09-a3e5-42310fb085b1,557.05,16.0
WOZN7318,MRM9734,2cde1b43-1936-4af1-8d78-22d8234b7b1b,152.92,16.3
HWKQ3110,WUT448,61b76817-140e-44d0-ae25-7435b5dc9972,209.41,0.0
QNXH0852,DSQ4506,d6c4be6c-c422-41aa-9900-5b98d91cdcc7,954.43,0.0
SFEV8964,OPY8561,743e201b-775d-4dc8-b6b5-3b7f2b960a13,923.20,0.0
BJCA4247,VTT9879,e66c3d9c-e915-4e84-bffe-39a3b574614e,394.65,16.4
GDUE7890,NM365,85dda3a3-0d24-4e9b-87bb-8d9679fd5689,1307.66,23.4
FYRN5867,TQ3101,94690846-a994-4c72-9db4-78a814f63f62,146.31,18.5
LMVV4867,QF5716,60e98a33-c906-40dc-a92f-c3952cd88676,1202.39,0.0
OFTM9254,VE3564,4b25c332-f7ac-4873-92e4-94f7eea238e0,485.43,
DOKL6267,TP5740,a61662fe-385e-4021-9b4d-394de8d2b0cb,1168.34,19.7
SZLO4481,HM5076,8b39d232-c1b7-463e-93a6-07fd6a4b4aea,319.14,28.8
IXGM3172,YXN8224,4114cd2b-1aa9-4a7a-94ce-6c0968a29919,1001.45,23.0
CNNZ0528,SIK6829,55d9df6b-99eb-4239-897b-90274431ebde,1283.51,0.0
WGVP8762,DSE3122,d444bd80-e455-4ea0-9b37-0f08a82afb4a,772.00,19.4
JQEB9483,YS6583,36c9e92b-bfa3-4753-8345-feccc232b81f,629.40,0.0
YUIH5531,WZK6964,99f45873-1502-4e98-bc81-20d62e72d26b,919.23,0.0
CDGB3493,VZ2606,8793bce1-197f-4677-b303-95362159327a,442.57,
XFMS3910,JKV7600,97e17757-19e3-489a-9f76-ebd23603059e,282.49,23.8
WSFE1687,HA4251,8ac86c2b-34c7-4dbb-a3e2-a1370c0617ad,213.48,19.2
NKDZ8488,JC8345,651a2117-388b-43fc-b071-640d106c3b5a,584.23,
LOXG8406,NPV5274,e2c44a7f-382d-4430-a1d0-169b8364ab77,385.53,15.7
XEBM7082,BFX9613,4ae13469-d860-42eb-a5fb-a543c0bd6c72,246.51,0.0
ZWVZ5320,FRR3608,3e9aaaa3-3803-4866-89c6-fe1e31326d8a,662.23,0.0
UIWH7133,DQ1002,a3e21221-a92a-4938-a4b7-6cf8ef0b4ab6,1167.55,
SAZO1735,DF1114,29d009b4-c5d8-4d27-bc2f-d1e4d48af7b7,278.10,0.0
YCSA6118,FBN1535,b1e4a957-248a-4593-9239-3a1f0c19a36f,795.62,0.0
HRSH2360,RCD4024,e8e4b520-54d7-44fe-9835-81beea55c522,1381.45,
QVPP3235,RC530,130b3e06-9fef-446b-b49f-12d87e5fe345,905.21,23.6
KZLL6947,JB6810,42d2e110-2eb2-4dc6-be81-60f62587e310,1448.66,0.0
YPMA2266,GF370,edc5c6dd-9cb8-4102-aa26-d0cee9c84862,1348.70,0.0
LVOE7302,WUT6706,be33fbdd-b4b5-49a1-ac57-039e3339200c,652.12,21.3
QVXP0314,TU4545,21689fff-8708-44a2-ad6b-013a22260fa2,365.45,
IGLN7775,ATO6017,181fe305-a41c-40f4-8a77-f2283749b34f,220.19,26.5
LJXA8487,LKM5388,6514a845-6ae4-4532-8bd4-bdc9fc1c5269,190.19,24.8
BEJP0832,UB2545,0b22a663-4184-42aa-8b86-f4746aae3631,1407.56,
YHIG7816,IIX7385,a6a43881-ae31-4ce7-9436-41ae6c0ddc07,1051.47,
JQUL2684,AXV5924,45825744-172a-4f14-af71-63173bf8ea4f,1037.67,
KPNG7625,GL2122,7917ac89-a809-4897-9aab-e73ee512eef3,209.18,26.0
SNZS4909,ZD8523,0f0d3201-fe8b-4465-8b2b-fe373b409ec2,383.04,24.7
OXKN0311,ZGD1492,8d6ea787-f986-415b-b830-ee46f81d5fe4,925.24,
ISAA6981,IL6372,3d9fb380-74e8-4034-9416-9dd4b08b1868,1356.65,19.9
NLVH4145,RCD4024,e370a691-9a2c-488c-83a2-60308374a552,880.74,27.7
BDQD1293,MEJ8229,28918606-ed24-4d92-8296-8d889338900e,478.70,
WGYL1632,CS4065,d8052c17-a0db-475d-9eec-6fa01c6d1567,836.79,23.0
ZHYL4224,IR5002,a28ddb3e-d451-4c34-86d6-73259595dfe6,251.49,
QNWB9644,TV8183,319e397d-1465-4f5c-af8e-afed9e00d52d,1146.61,21.1
CRSL2623,PAT7361,94af30e4-7ef5-404e-9d4d-958b09e45a77,1323.36,0.0
CWXM4074,UQ1027,64b3c4f0-b5e6-46d6-be81-08f75a4e4246,1145.80,0.0
GRIR6788,VR270,7faff4a7-a77b-40b0-bbc5-ee55579e3f07,1377.64,
QUPB2054,ED8406,b67354bc-24b4-4054-bec9-1b1364e161be,868.23,28.7
UVJL0723,LT1138,692f1acb-af25-4dc3-a9d3-17efd0ec57b5,1252.99,0.0
TQIQ5146,NB3911,19b38373-4765-4043-bbdb-06ff7f9db666,529.54,0.0
BOGX0108,UZQ7789,6a1c66f0-9667-4839-88d7-cac6904e2df7,440.47,
QRVS2764,DSE3122,2d263c49-b1f5-4902-83df-245a54353465,1156.70,15.9
LGQE6635,YJK9012,b12fd31e-6a89-437e-96cc-5cac855947e2,740.85,0.0
TJAP4508,GWI689,e0c6d587-744b-410d-8a78-ee7b5d770e0f,937.96,
FHGC2454,OR1226,7fa0a612-994d-4593-b037-6e64a6cca517,968.75,
OUGF5464,DSQ4506,ce43a028-0466-455a-aedf-70524e94dcc2,715.48,15.0
GWOF2908,FB7520,5a5d39fe-2a3a-436c-a8c2-11af020e4067,595.67,16.8
NUKV3767,DG7443,ce2abeae-bfac-44ab-a011-d8c9426ed220,1398.39,
PBMB6957,RRR6198,a6140033-52e2-4dfa-b2cc-b71f2bf17c90,879.36,19.3
IMSV0149,SIY2937,5267e89c-4924-452a-97f1-795077b934b3,1154.09,21.1
VCTS4471,WUT906,af46463b-3281-4edf-b5ab-7d0df25346ea,1223.19,
NMIU9574,RY2816,166bbf04-7478-4984-a287-5a2d346f2e09,1384.86,
WASM2815,NLE8526,edfa90ab-6162-4e5d-8f7d-d6ea5b8f2925,427.24,
PKIG4157,SS1845,dce614ab-d2ae-4ab6-82db-e1b40275a99b,1242.26,20.7
SYRU8306,NOW5784,83fbd561-be77-45de-a0bb-d6b0e778ccbb,455.88,29.3
GRFF2344,DM3165,26fb1ffe-2eb3-4b17-9d2a-af0cb9a190ef,189.78,23.0
ZNXA0071,WPT5384,f583b7bb-4744-4df1-987f-f295449e38c8,1106.35,0.0
AZKL7250,GAN529,b7559649-f12b-4744-8b2e-7b4f83d3e4e5,380.02,
CMMU6045,HN196,56851331-ef2e-4d09-a3ec-a9adde777c82,392.69,0.0
AQXH8488,IW6757,90e79053-f7e3-43df-98f5-df625443b917,664.67,
SRXM6577,ANP8777,066ffb50-fec4-49ce-b168-0ba76f027af1,167.62,16.9
YKUZ8719,HOP7454,57569c42-b3ad-4b2b-a253-1ec7d3062e3d,1355.74,0.0
JLBS4368,CR4932,5c8aa001-23d7-406d-85e1-e65353ff9101,773.44,0.0
VKIJ1849,NLE7401,9e668279-ffe2-481d-baf2-0c59675f7673,163.66,
ETBU6182,IJ3505,40ed1401-0403-40f5-8cdc-bc8134c5c28a,911.46,
NLWB2977,OTJ9614,27fbc416-8e42-40b6-b7ae-768c0e62b0fc,888.20,
PBTV2763,YQU4437,70098bee-f7a2-4f65-869c-1e236663a572,1231.47,16.5
NVLM6710,RY2816,a8bb77ab-6124-4a55-8dcf-75f6098d9330,766.75,0.0
DDYN3243,WBW4897,2194334b-0ee8-4d75-a730-2f6b17e7b5f3,1018.63,18.8
DTPG5170,TCS4918,ad57bfe3-a6e1-430e-8112-d3a57235a370,864.06,0.0
FTXR8376,JKA1117,254e7cdb-7cc4-41a1-a1e3-e6d608548323,208.08,24.7
EVUE4901,VAJ6018,f12e83ad-efc3-4e25-a212-c8eed1b93aaf,462.96,18.0
EIFS5133,FB7520,1ff3bfa1-1c3a-4754-b72a-af11f412144f,1120.17,
CXLJ8617,AU577,1a9d8d3e-818d-4f47-966a-1c88a87c3f0d,1048.02,0.0
SEPL5182,SIP8806,a6f55e9d-deef-474a-896e-9dad69860267,502.99,23.1
ZMKI0713,FPN7507,69dfed36-f5dc-47a8-863d-85a270d817c0,898.62,
CVUC9626,OOB4654,3f71ec3f-6486-41fd-9902-d477a1fd436c,130.84,0.0
KTFD2683,BT8680,d963dc0f-d975-45a5-a92a-dd21c2acc383,156.97,25.1
PQGC2198,VU226,7aa0134e-a587-4e52-a25a-aa7aeb2883aa,817.42,18.6
ZCFW3323,FU1754,52cd38a5-b5ba-47b9-bfb6-4a1e42bb4af9,864.15,21.1
ZRRH6191,DD9975,6ab80429-440a-46f5-b157-436a0df6da41,201.02,18.5
QIGV3692,BZ7744,9b31d576-42c4-47cf-9665-8f038bd0eb47,1136.97,
ETPT9501,DWR6880,efaf92de-f791-4ba5-b50c-5b6fc300350b,330.88,26.9
RFGH2487,YY6522,04784a20-d23f-4d88-9402-c6b01b53338e,745.29,22.0
OPHR8106,HI6186,0d2d985b-af66-4486-ad8f-9d73a5496b7b,1354.08,24.1
EMSM9816,MRM7091,ca7f3af8-cb3a-4f6d-bbc8-10766f618054,741.10,
TFDP4004,LRX939,9c73ffce-9026-40f7-b0e5-646341679104,653.45,16.1
WXTM1915,CS4065,d2d63a53-5f4c-434f-b49f-da9394709240,1243.10,22.2
LMMQ0373,CR4932,cee68c74-2f73-43e8-a500-a4867fc5e28f,1068.71,27.4
QQVF9391,VR5130,bc33d7ba-9e75-43d7-a213-fe296f2d7fec,361.58,
RZUV3388,FNX1870,0c7476fa-7aad-4624-b894-8a7cbfe719d9,1399.27,0.0
MTXB2739,MFC5757,22fc4a37-4e56-4609-bb02-2e5cc78c35ca,630.75,19.6
EOSR9915,YRE9743,9e08b175-304e-4b38-a363-37ecc85eef9f,571.36,0.0
HKTB2098,YQU4437,63a3a892-b6fd-4a26-8452-f9ba6bb32c56,1047.69,26.7
GHRL0920,BV5686,2f4fb17c-37f7-41cf-a6f3-c137342d5b53,848.22,
OKFL5090,TIM5148,d795fc91-484d-4d5f-84b5-2c9c14392a99,544.05,29.4
NIXG3692,MC7750,e1e9da84-db8c-41c4-bd2d-c8dfaf69ba8a,777.73,0.0
VJPR2372,MNQ7101,b6a02673-147f-493d-91b1-22cdc4f5ad29,1076.27,0.0
GLAA2177,MI7628,b136a23f-9c16-4417-9e39-e887484c7d76,1168.25,0.0
YUZN7872,VZ2606,d654a8e3-f4c4-4b7c-b645-762dd113d1cb,716.45,0.0
KAJT4733,UJ9810,2de9af2b-407a-4002-b910-5723df90d7cc,269.58,18.2
UAUC8654,KEH8838,29de6f2d-8191-44a6-8f85-10e8ab76116d,988.53,0.0
BVBN6316,WQC8356,1ff1f564-2980-4a59-ae90-0b56eb2e9d5e,998.44,24.8
ZVCF6844,GDP6201,f0049d05-dd69-48c9-93b5-865ae58a8178,784.08,27.9
VXUI7362,UB2545,386caa71-2276-4f46-a597-645cdb1c087c,134.77,
SSBO8468,UW5918,5b3990af-1534-4a50-ac51-b5e0700b3b9f,122.50,0.0
EAOU5837,OG7234,e6b8b6ea-7489-48be-aca4-b707ff5547d1,250.51,0.0
MIIH3831,KT2033,b3cedae2-a26d-4afe-8eb4-14c038d875ca,1347.90,0.0
CRFX0679,JKV638,6aeef2e9-7e1a-4081-9b41-246f72fd3590,1423.84,23.7
FDFW6502,DPI7178,341280bc-141e-461d-9760-437675af1333,1136.89,0.0
XMHL0679,XO2029,1eb7d8e6-cdbc-4515-8e21-4b1756cbd28c,206.35,26.4
RSRK0719,RA975,955222c1-d56b-4d7a-9d39-1e98ba805fb7,1169.49,
EPVX7776,CX5733,8785b4d2-faff-4780-8ef7-af394a40a017,739.12,
BAZC6259,GT2676,bd67a1d4-4a1c-4196-bf72-8436f8db04a2,1331.38,
OQCM3559,GDE1653,6973a471-f024-48f7-b932-32ce463992b1,230.67,
GWLK6683,GJ6232,a74b5e8e-1fe0-4b36-ad02-e220535aca55,536.04,0.0
DSOL3024,PUF3809,fde5004c-757d-4d5d-930b-586e7827d4b5,1063.84,17.8
JRXU9536,ATO8108,1de7a3ab-0e79-40d6-95cb-447eb85598da,248.09,
TWDZ6731,GN5716,752c6b49-e951-4e39-b103-0771c2b61d41,1498.27,0.0
UFEZ3742,KQ4101,3f745ef4-4920-4ea8-9717-a5abe1d9ac92,414.63,18.5
IQSZ9780,NDP2961,7de93dd4-38fc-4860-88c5-b49aaffd7127,187.90,0.0
WYIR8085,VEG7025,30d249a7-895b-4b26-9f99-46c7be375abe,112.14,
VISC9084,GJ6232,3ead52a0-6c88-43e3-b107-c5848702636b,582.20,16.6
NAUF5126,ZL8547,3c412926-a8cf-4db1-909f-28c43f1eb159,297.80,
CHAN0104,FL8901,3c55f7d9-8d6b-4d96-8caf-794375c9d110,641.95,
AHRQ2981,DG6380,4bbfd2e9-a054-4f45-b4bb-3af96333f8a8,971.05,29.2
WUOV9991,DQ5095,84f1c0c8-c0ad-44ad-92ed-28ff30bb6867,1066.51,
XHRQ3135,HFQ6955,ab4d19fd-6936-4ff0-9765-b6ed1d65735f,1479.71,26.3
BKCA2060,IT4577,d86dede8-a653-42b1-bced-4a51ff20344f,793.80,
ITXK8779,QD9343,f7dcb071-ce30-4522-b589-5d41c0f29d0f,1138.08,21.0
CBXN2006,FRR1721,0f321476-7bd9-494f-a944-51a253b07cbc,749.09,
BDUO8499,KUK9587,abca9199-137c-4384-b389-510362b8c4ea,1435.02,0.0
SMPW0532,BFV5311,1cc1242e-3aaa-4a66-ab49-7a1c2babe0f4,522.81,
MUHK8284,PSO4283,bf5ae052-c572-4cb4-8898-8d89f1da94d0,1454.56,
MWPL5778,VR270,9de94b42-818e-456b-88b7-0bae5f4d997b,978.85,
ESQL3554,ZU9277,e36a7b2d-f2a6-4bf9-a12a-6c99601c9e26,277.31,
OOKE8468,LKM2480,867b09ce-6a19-4b91-acc4-1507bfcd41e0,922.51,
QRTU0134,WAO3490,c7da6e36-6fbe-4dd7-9b54-eb355239f012,317.38,0.0
SGRK7784,DG6380,1c63903e-a595-431d-9e45-df7abe63bfe2,1430.26,21.1
SXUZ6309,RU8242,823ed1e4-c6ed-476a-be80-7ce4dc868e7d,401.72,21.0
BDWF2586,AXV5924,305d2a1f-378d-4eaa-bcfd-3c0574a1754b,705.65,19.3
SHUB3071,TH9403,9b7dee7d-1cb7-44f0-849c-311332c5f81f,501.23,0.0
KNRL7550,BE1611,1f28d859-ed80-408a-a0aa-53e2654b7f1c,688.35,22.2
WOAO8283,BZ8021,3428e19f-ddb6-468a-8c96-d7c9179e41ce,737.05,
SLOX6132,QK9202,fd9cfbd9-66db-4acd-85dd-dc5bea908b07,243.86,24.5
LEUF6651,NNV7567,8cae7fed-30f2-453a-8d10-3b01f23cad18,524.66,0.0
JJJG1855,OK4061,094beea8-c6c2-4316-9305-3231cc47da73,870.79,
ZAYW8999,GIV1207,8bc1f301-4ad8-40dd-b91b-4575584a7135,394.83,0.0
QUOO7726,WHD8814,f0e44219-e245-44b7-9b0f-3ff4ff23c8c4,607.40,25.1
LUZL2965,SS6420,8ba4d5a2-1e44-4971-8ed7-6a90b443b9fe,1441.90,0.0
UWGM1610,BA3666,c7fe78fa-2c77-4458-8476-57056eac1e39,743.97,
XXXS9918,DG9891,1b79caa3-fbb2-46fc-8772-3f495efbe6b1,861.07,0.0
UEFF0932,DPI7178,922a937d-7ae0-44c8-81a3-919168831928,1181.38,
OEAJ5171,FJS3271,b898c68d-8971-4d93-a109-c881eff174fe,1227.16,
PCUV5302,JYU1944,5c0b95c8-45ed-4e0e-b366-28067a356e02,833.35,24.8
VVCB1514,PV3623,a1a3273c-d31d-418c-806b-4bb8130b559d,222.16,0.0
BZGW0198,GJ741,5a3a74ce-bdc1-4ee2-9572-75599a333af5,794.80,0.0
TOZK6626,DB1505,714b609e-3a4b-43c5-b86c-19db8ae0f847,418.79,0.0
GZWA1940,ITG2606,c5108309-2545-4204-b2f2-15a0cd297ba5,1442.48,16.0
YNBD4067,LK9855,6681030a-55f7-4098-826b-d41884810e8b,1493.19,21.3
RLNH0711,OJC1581,97f02f64-df3b-4ec3-9ee4-a0d6a6b79c65,491.27,16.8
OFLL3708,XGU6047,4f9f56d2-68bf-4c0b-adfd-e46d615eb6cf,1442.22,25.8
DABZ7227,ORI6487,a333508b-0408-4f32-b843-72c7b95514e9,535.34,0.0
JWEU1075,DW3122,1744558a-8c3d-452b-adb2-cd67ccead4af,784.97,
DEZA8624,GAN5864,05bc4b83-c39c-4bf4-a789-513102be6daa,480.06,0.0
NYDL9517,DSE4230,c1972baf-44f4-4d3d-b4c4-2b8b7c5aed36,1256.92,
ORFN1371,MEJ8229,8c33fe2f-b57d-4b18-b8b1-76766802654b,196.48,0.0
ENMZ1831,BFV2135,0423789c-a62e-459c-afe1-7cc3e685715d,536.98,0.0
DGGG8676,ITG2606,dd26bbc4-6685-438e-a08b-32c9bb691295,1212.27,0.0
KGOK8301,XWM542,33bf1cfe-4204-4f9b-9fe8-7f170900e084,653.17,0.0
ULML5435,MOY5959,4adbfa20-e39e-4ad8-8443-84ba014598ee,876.16,0.0
QXLT1521,QOR3199,eee62638-10e1-4071-b8d2-47876df80e49,1208.69,0.0
RFWC2914,GDE1653,08df7814-3748-4b0f-943c-bc9cea7c315f,755.67,29.2
LSQB3894,OR1038,2dcdfd79-d0d4-4516-a1ac-14e191444c4b,523.72,0.0
ADTD7895,UXR8239,0ecfbec1-0d22-4ae1-bb31-c170befb9b70,239.74,
NRYH9336,MXF580,1b3f96fe-9e44-498d-94ed-ea515720b792,126.75,0.0
HKME5771,VMM7652,cbd4707e-5cee-4857-9b8f-35153b784498,1321.72,29.0
JTPR0214,EX3612,6e6964cf-e861-401b-8cb9-55f327ddc183,1134.88,0.0
KDCM1748,VBM3760,e6175144-3377-432b-af5f-a7081d52892a,293.09,0.0
SDSD5224,OE7559,fbe0ebd5-0c92-4597-b167-7e7d2b3b8ec2,1080.24,0.0
FYIG1486,WP4674,4c15455a-0e0d-4c0f-9755-a66e5028bb23,1104.22,27.4
KHMC0244,XGU6047,6dce4695-e74d-4bed-bc54-91b3d75602e0,1314.15,
REEH4817,JB7547,32e623f5-9b9d-40cc-94ad-4a8ae0d98695,573.19,
NOYQ9259,WAM2649,760b5b8a-63dc-4866-a78d-5170a868c36f,1453.68,
GAOA7570,UP1394,f6bfc373-1ce6-4f8f-9104-95ad4ba84295,256.93,
MTOW5064,FQA119,44424124-33de-4900-b34e-297321484570,837.75,19.8
JDFY3516,FQA9754,d89da317-560c-4ef6-acda-feb09440e280,1258.00,25.6
BFVP8549,TU4545,2287b643-0ea0-47a1-ab32-790b527e5c66,204.38,0.0
TODH1042,IC5527,d0c87eb2-9fb4-467d-afca-4e26f6fcfc32,247.67,27.8
XVUY8429,SIY2937,746ba4f9-eb5f-47a8-97e3-7d83c6601388,255.77,
OPZA9147,VAJ6018,d0f195da-99fb-45ec-9b6a-b844c2a140ad,824.95,19.5
BCKA8763,YCP4123,2a7fed58-b145-4144-91b1-4d062ccd9837,257.45,29.6
RTGT1586,TY7498,3e00e7e8-a8ca-42d7-ba33-41a6cb44ca05,312.59,
LNVS6607,ZYV5371,8dd595be-7694-4b3e-b75b-ca8ee84c3f9a,793.90,27.7
OMXR5856,FG2670,169c603c-1462-47c9-a83f-61ece2c89243,1099.84,0.0
FBLF0116,ZH6092,a70440d8-12e1-4ec5-992a-d03411e1acb2,659.20,22.6
VTCR1661,AXV9626,897d3123-bbd3-422e-ac11-e90faa6bf4ec,384.25,0.0
NFSD0352,TC1012,c73c85d1-bebb-4ec0-a29b-156d4b823dfe,815.74,0.0
BDQV0193,OWW3892,9c47dd94-292d-416c-adc6-de430e733281,703.17,
INEC6979,IX1404,0bf5236b-118d-4f6a-b133-0201c8f96913,538.34,0.0
ZNFU5812,WX7440,8417d0a0-ac66-43fd-b386-fc85ba5a67c3,759.99,16.0
SLYI6786,ZR9441,f8d1ffd2-8b1c-4553-aac0-7e29a1d13e88,1101.91,
AHYG4477,GH191,5d1a77f5-ad7e-4cfd-8238-165e5acd25a4,568.28,
LTPM9643,RQR8440,e01353ab-d002-44d6-8a2b-44f4b7811786,840.58,0.0
KRDH7015,MVE126,77f6f591-d63d-4a30-9ae5-a55188893bc2,673.80,
QWJX9104,MD8994,8d367559-812d-487a-8a10-11e8a213191f,749.83,0.0
WWZD3287,VAJ6018,1bdb062c-ed86-48e6-aed3-f1bbb257a3fb,832.97,
DKRO3392,KT2294,7715877e-4663-4a6f-8017-e39b0c81b612,972.98,
SBQR5334,KQ4101,96c5e257-2c8b-4a63-a136-0a1544830ba9,853.02,0.0
NJXV1744,RU9722,02f616e8-8b15-4440-8e62-b7dd6a67e14f,1355.01,
RSSQ1208,IU1747,2cf124d7-9fbb-44bb-afee-50f06961ce5d,239.41,
JQZD8943,OK4061,11e1fea3-0ce1-4f7f-a9d3-649058be1ae0,839.82,
PNZL6822,ZU7249,123a304c-988c-4b03-9812-c01890a85511,1284.58,
XTCS5919,BFV5311,d595995c-68ad-4a7b-9389-0388556ee8cc,178.98,0.0
QDBI2492,GJ741,691c6ea8-96c1-4da7-bda0-defc783ef205,192.46,25.3
KTEU9667,TKR6561,23ee390a-481f-474d-a26f-b243dd04f4ad,175.45,19.9
NHTM8642,DW3122,e8c18db3-186c-40a0-ba78-ad6fba23b1f0,1130.06,
WXYL3855,MRM7091,a51b2905-568c-4692-aeef-1d9fc06973e8,347.45,
WUIX3660,DSE3122,3a16daf5-e433-4a26-b24b-745f8692046a,1193.01,
XISY1408,FPN7507,0f5de4e1-d1ae-4b1c-b162-778f6c7bfa1b,167.75,0.0
CFVH0780,NOW1299,d8548706-42b6-47b6-8ec2-fb7bc636bbc4,1220.03,
YXHM0272,FVF2661,3ed3f68d-5292-40bd-9a9c-dde569cea1c0,440.11,
CJDG3029,LYK9809,a76fdb49-0258-4370-8cbd-91263baa0af0,249.83,20.0
OHGB7100,IL9736,a3006c3f-bca7-43c8-89b5-34ff4c007ba4,357.91,
ZCOC7592,NOW1299,3988c7d9-2e18-466d-bc9a-e95de489a3fc,1473.14,0.0
ALPB4110,CS4065,5b6e0310-289f-4abf-b639-f5a20b958908,1080.18,23.0
TKZN7101,VD1339,073bb304-1216-45ef-acd8-ebade9c4d26b,1436.77,
LIIP7787,ZLG4826,a5169888-2426-43aa-90b7-caf27eab6956,1219.89,0.0
GTYV3939,PX3953,2cd8f4b3-1ad0-4b66-8145-7a6b920d9f7e,671.00,17.2
FIBI3777,IRN3858,f86e8a81-b784-4c57-9baf-46dfd3f6a753,146.97,17.6
GICQ5591,MOY5959,105abe7d-1a5e-448d-8e4c-d9563043f217,314.89,0.0
ZGAQ1557,GF9002,8cb7f6ea-0d83-49ac-9dd6-4a5ca99f378f,1461.01,16.7
NEFQ8507,VZL9476,aba230ac-2b3a-43fe-a2bd-2ed7bd1a8ee4,136.13,18.8
VEAN4305,VBM6873,7b4d7a02-d78c-4b2d-b19e-11f9da716777,610.59,
CDTV5673,XC5427,00747813-ca45-49ab-9b34-18ef130e73a8,1285.40,
NMUZ8001,JE8020,b4cd0bed-e35d-4e91-82ea-e0fca53c508c,384.27,0.0
YYJU6889,GY3081,ccb1832d-c72a-4c88-bcf8-1c16a6b9f231,169.97,26.3
UJVU1726,CBB8313,140f892e-b465-4f53-9a1f-8450ce793b48,145.34,22.7
KMEN1812,CBB8313,50a5ec86-62b8-4786-90a3-4d51a1246d41,436.36,
GMOR1521,CJ5000,407fab10-8704-4d14-acd8-2fd4c8031195,1489.84,
LZJH7086,VO9644,3b68a2ba-5389-4e67-9e71-8348ffc9e8f2,505.76,0.0
TKCS7169,NO6165,1be159c8-f343-4714-8fbc-08de6e987d42,175.42,17.0
AXVG7425,YJK9012,6c5d2cc6-503a-4444-b70d-543883197a70,1450.01,0.0
UBLH1543,VE4857,7649641d-9d83-43c2-95bc-5df9b7b43b6f,301.20,18.1
NSKP2186,EG863,f9b2405d-5da0-420a-bed8-05e000c29de6,720.77,29.7
MEPW7103,SVJ528,6eb0fff9-df1e-4aa4-b5f8-e53da2def608,380.38,0.0
EVBE4855,KQ4101,be5b75c4-35b3-451e-af82-121a0fae54a4,352.86,17.8
CXAC3018,JN4222,ba0cf7f8-7a49-42c5-b3b1-7abfde68d29c,1215.47,
AJQP3947,LP9892,510308ce-5375-4fb0-a36b-d134b540fc0f,1275.17,
BKZA8545,HD4121,cabd7ddc-cf2d-42b7-8fc9-1ca5b75e9f9c,327.44,23.1
FZRS1503,GL5314,63df835c-10c4-4904-9d64-93f29df9bb41,1142.89,0.0
CVUW0407,VO9644,98f06d54-9df9-4607-b6e2-1ee183e19b82,760.21,0.0
NSSW2371,QGU1817,d073126c-9a69-4c98-b745-5b1f8e095282,310.42,0.0
TDQQ2904,DA5536,0e0dfc2e-c286-4786-b458-05e79017a401,1104.65,0.0
INRV4479,MKA2670,aa3bef74-288e-4d40-9d61-b4da3937edd7,1031.94,
XWEI1931,KW8468,2c3ca4df-7efc-4814-90db-46a8cf1bb223,264.21,
USKN3415,UP1394,dcfc6fdf-4cd5-4617-a670-f7575ea8dbfe,1451.08,
HZKH4719,MDW8875,8756ff96-fa6e-413a-84fd-230f003ab72b,1115.37,18.9
TYVV9012,NS1486,7ed1b12c-5d04-4191-a084-a107dd4f4a02,1446.96,0.0
BKZC3354,CJ836,76bce11b-0149-4122-97c4-8b81da864eb9,649.55,17.5
NWEN2648,XML8782,e13115d6-338a-4d08-8188-50cfdaaa20d4,972.00,
SSDG9779,DG6380,73e267c9-981e-4782-b068-5899ea09344c,1037.44,0.0
PYFX4241,TCS4896,b2fa555e-d36d-47c2-b8fb-6ab0e7022139,406.33,23.5
OQQE7431,XI1406,1bd5ef76-0b34-48f0-b5a7-ded8c7afd95a,982.09,16.4
TXPM1744,RUY826,dbb29575-75da-4df5-87b1-0507cdc1f6b8,1272.77,0.0
XIAS8666,NI3207,4fa0cc6d-e218-481c-bd33-ce865dd50b74,772.76,20.8
HVHF4956,MU6002,6fc698f8-4aa9-414b-a2a4-8ba4e4faedcc,752.31,26.6
IRGN9862,OE7559,7ad4b314-dccc-4a65-9927-5169521be2bd,942.67,
SSZL6845,DSE4230,44e74663-1f00-4f38-b550-dd011f0d81a6,247.19,0.0
EKKZ2349,GIB3665,f83c1b4f-8366-4ebd-a588-731797798661,272.53,0.0
VOOF8195,FRR1721,ab44ec55-67bd-4782-bb3d-d97546cfa28e,150.59,
DLVZ7429,ZTZ7936,7b41b814-de50-4790-a22b-175d671c1cb6,969.02,
RBHF9500,SIY2348,4ac0401f-0749-40f3-a231-dd97dc550be6,449.56,26.4
KSZF3669,FMG2071,7eab7c25-a1b4-42fd-8401-3804e7f92835,925.15,28.6
GPSP0683,OOB6822,223f98e4-f2d7-4b59-8c2b-7022feb414bb,1356.78,25.2
VPNH1586,WHD8814,892cd923-79a9-44ef-b1d3-e97e079d3bf5,1111.79,
ORCT1535,VH9215,f21bd5dd-cf2b-43cc-8319-9a6996f7dd61,906.31,0.0
KLOE9328,FL8901,8cccc165-e309-4f9d-a8cf-64c8e2756ec8,495.08,
EFSW4715,BW3491,4cc6689f-ea0e-47ec-9f1c-931249ab95e7,265.99,25.7
LZKZ2651,DMQ5315,c1ef2cc6-e406-4ba6-bfa5-e9819375e067,332.08,
BMSB0068,VW1503,22c12358-93af-4da9-b753-31289f84bb6b,128.70,
LAWF0385,UW7422,4de3fa5e-0d4c-4142-abec-0c1b4c936145,918.17,0.0
DTUS2429,TOW7395,20938448-ec61-4993-8011-018f21c4f23d,610.33,0.0
WTOT3441,NLE7401,07b8abb3-edbe-4c0f-b5e1-f4e6a93052a1,625.75,
NZFW6403,DSQ8325,904fb455-8a1a-4c13-9e54-1b9fb2195c2a,541.48,27.0
VXLK5747,NLE3029,7c5f3359-b440-44db-a9c6-18e43cc99e6b,435.19,21.8
TGMW2042,MU6002,219c80e0-6282-46d0-a2f6-ec311537f648,1290.24,
GXGY6231,PY2138,736f3420-c7a3-42ec-86e2-498bf6d16349,250.77,16.3
AZVL5231,VML9153,4df86bd6-12b9-442d-8dbf-7635f3d0adff,1140.00,
OGRW5617,VR6539,760efe67-9030-44c5-8763-09ffb0dcf79f,889.03,16.8
CHDI4090,BFI6192,92cdcb21-e7e0-4c86-93bb-0a4a5b6f9c81,944.03,
FGKW5927,YO4865,230d94fa-cf82-420d-b643-a4d5793751d0,1326.87,
UUBY7855,FRR1721,ce10e641-8f97-424f-864b-a5488bdeb66f,1407.92,
DCWN5817,FO8235,da146fce-a231-4bee-a115-ca2309d9ca4e,743.10,27.3
RWHG8553,AWV6351,792154ae-1fc8-4be7-a348-dde7257c04ef,630.67,
XRJU7571,GIV9417,cacc063a-c63b-4855-bfb8-44de27cc4fe9,656.76,0.0
SHDM7315,JR8037,bb0622e6-1457-45ea-926c-11b45216b4b5,976.04,
QRII3009,SZQ6349,14878c11-d5d6-486a-b420-9fd65396a256,1007.29,15.2
UOSS6213,VR4286,0201b277-2f52-46f8-af12-170fdba37091,929.81,18.2
BZXJ0486,DU8556,8905b82f-f942-4b4e-b23d-497131de7623,1270.55,0.0
QEPV8159,RN569,4c3a0c81-222b-48fa-86e8-12c8f4d1e50c,1263.57,
YROK9773,DBP1093,0c482fd9-3de0-4fe8-8929-a7b1cf2d2818,723.67,
PVMM9400,NPV5274,16afb352-2ed8-4c81-bb75-83332757c679,1492.54,20.6
YRUB2765,ATT1028,d2f3c7f3-4430-44e4-b436-e1d63db653a7,163.93,20.5
DPXX0311,NI6845,d4cbbd73-fa03-4d1e-b5a7-cbd193f6a5ac,1265.43,
KJED7280,BE7151,2f78f5c2-8df6-4e6e-9c8d-bd5f650988bc,975.64,0.0
MHZM2289,IR914,08919e9c-7da6-4e73-afe0-227493b12f04,989.78,29.9
ORNO8604,ZR9441,02e37ad4-ccb6-49b5-96cc-15310ce83d8a,1059.66,20.8
SHRZ2928,YU6711,e40424e3-7969-4904-b370-8dbfd43a5ac3,872.72,22.7
PAHU5632,TPH6647,d7a517d2-958b-4ea8-b1be-89cb804bba48,249.15,0.0
EAES0765,GS4122,42a03d83-e705-4204-93be-b4eca3e417d7,621.61,24.6
VTSW0740,VE4857,8f09163c-4a9a-4445-9eb7-b0fdf43384ad,1254.72,0.0
UIEI6782,XS9775,c7527ea2-d846-4579-9897-182e154fb0d8,1498.82,15.0
LVGX9522,FU1754,0a7cd82c-a654-41bb-8792-ecbb302180d2,1444.03,0.0
LMZB7582,ZYV5371,14300941-204b-4689-a61a-b264202ed368,195.96,0.0
KLHO7322,JX1443,e526ab87-e3d3-49ae-88c9-729863056852,1442.51,27.1
HUDN2375,DQK1298,45082141-aa6e-4a9e-b801-1844994bbd6e,308.23,0.0
PQRC9068,SW6556,80d5f6aa-2aff-4de7-b6a0-efd747efc726,780.25,
OPGU5796,DG9040,1b0a7dc5-2497-4792-ab57-53ab7255fbcf,1321.14,
YECV8864,RD3668,c4c2f9b1-a5a6-4ba6-8372-22cd0e9a3960,1227.41,23.2
TLYE9994,OL3415,02a564e1-f813-4a25-aa71-6c628389edfc,877.92,22.2
YSTX4747,UOU3585,5ae5e5ad-0d25-4407-8bd7-4650031917a5,465.90,0.0
RVSJ1829,DD5625,7cebc52c-afbe-41fc-986c-1def06082f06,691.25,
QFGZ0975,GD3709,9cd4c8a0-a523-42d9-8ec5-a046b0bf4da8,192.78,0.0
NEAG9111,DG9891,d42e3253-2eb8-4d0c-8c46-a77431ed9bac,1089.52,
XWZG3522,SMX2468,ae261724-b488-46be-b97a-4ae628ee8dd1,1346.85,26.0
ZQXV2921,YY6522,c4996faf-e1af-4306-b228-00e5dd2d11e2,516.86,
WYKK7739,MC9601,4cd08626-0873-4304-8eab-b8e32c4055d0,1204.00,0.0
CJJG7944,ZR9441,4345390d-44b7-490c-b445-0d798832300a,296.49,25.7
XSAD5241,AD8905,cf6bd5be-c6e7-48e3-b855-771bf6579688,593.17,
XCUM0137,MW412,99a9605a-0c2a-45ba-a990-cf2064544be4,362.36,0.0
LQGX3126,TU1966,889df55e-8bf5-477d-9220-0da4cc4f811a,302.27,
BAPF5854,PO3168,ec879c9d-af11-46c2-97ab-e508b05daadf,466.42,0.0
XQFD3367,BXN2600,fd459c92-3c85-4696-b236-1c275f629058,1279.41,0.0
QSLC8082,ZJ8141,47c43291-3a61-4463-912c-5fd9f20ce733,1156.18,26.1
PFTU7688,VU226,b7c02c20-0a2b-4333-8dd4-702bce803daf,1455.33,0.0
TWMG4885,SIY2937,e984d7a0-dc32-4bde-a1de-5369d4049733,1014.28,0.0
NEZP7566,UE4092,8ca6916d-c088-45b5-951f-071646b827b0,547.24,
SDRY0451,OY9966,374c289d-4284-4ef1-b684-63ed0406e33c,371.99,0.0
YJMS2730,SG1805,6f0983de-06b3-4149-bfd2-2022a23ccf5c,552.44,0.0
ANCX9837,KSU3219,f552a16b-a15b-4467-be9e-a23ba0727dc8,1036.11,21.7
SENR3722,GQB7287,81b10f54-8dda-40ff-869c-8e995203e676,1283.64,0.0
QIGQ3705,SA9590,fd4e19aa-2498-46c5-a817-c7419300b058,1421.38,16.4
ETDC2389,ND8898,ce7872e8-f2bc-4665-97ba-a9194a082ec5,804.53,0.0
EVGD7048,ITG2606,6fa8fa8b-a5d0-4b40-b6c6-f837052ba9e5,1463.77,0.0
ODQC7830,NU1686,511b367a-dc2c-471f-91a6-992016eabf0d,212.46,19.6
LUTD6880,BL6845,dbe5881d-19ff-4af8-aedb-d6b94a19a9b5,667.73,
IDSV5701,LRX3120,b0c46a1d-394b-4e6a-a38f-c16efdad33f4,1271.72,0.0
AFUQ4032,PP5793,8cb831aa-7e15-4c10-ae2e-3f20c7802b74,1110.09,
TOUQ0947,ZBZ3253,4226511b-44fe-49db-8e33-37451e9d47cc,850.69,0.0
LBLW2738,QH5757,2d2e4e9b-40f6-426a-9d69-2d35277743ad,520.06,0.0
ZFMJ4748,JB6810,d0b4c6b0-aa80-402a-9c5b-daa73bdb619c,484.86,
NAJA7797,BE381,afa33daf-4c75-401c-9b62-8a162c865521,329.25,0.0
WDYU8255,TPH6647,f6b5a456-f326-428d-98a3-a250b036c613,504.58,
CBKP3299,OL8867,1b9520a6-7169-47ba-8733-5ef7368e3e17,873.27,
WVZJ4635,MC7750,e2bf370a-b336-41db-91b7-a7a8dc021ded,363.67,0.0
WOJB1238,NU1686,5f40f67f-565e-475f-9c8b-32b67673676a,1005.03,0.0
MUAU8538,GWI689,427e035c-0f12-4286-83d8-fbe2f5737761,127.25,28.6
HPRM0171,OJZ1678,3404bd48-577d-4d71-aadc-8813cda67c64,1109.93,23.4
ZNUM5571,UW5918,83e3c836-9795-41a9-96fe-07320ea567a7,823.65,21.9
KIJC9237,XB7812,96992687-00ec-4f56-8afc-c711ec6b8573,1094.21,
CJXH8952,CJ5000,79e2dbc9-4e40-49d4-a535-ce6a653c6fef,463.22,16.2
MWNF7793,ED8406,a1748e27-19cd-49b7-8586-5a78766a63eb,165.53,
WWVL1734,BE1611,ffceafbf-cc41-4a4f-a9c0-a2fbe1b36c73,708.91,23.2
PRBW3508,ZD2631,17fb4f36-9570-4779-a087-3d8a54b776ab,765.99,0.0
USVN3331,KRD5023,1f0d94ef-8f7b-4ef0-adbd-e647209168f9,459.35,
BWLU6328,NS9334,b149dc80-3b7f-49b1-bdae-c314d38a419b,382.53,0.0
SOBA0134,VWH2687,f2e4bade-7848-40c6-9edf-ae8334672954,234.68,0.0
VLXO0305,WP4674,7d20cbb4-5ecf-4508-b0e9-9af8924f8512,142.79,0.0
WFTD5463,BFX6342,ba976292-a397-4a01-8790-7e54978e2fa5,417.39,27.1
ZGBN2087,MD8994,de8fb563-113a-40a8-a397-c36e527b21f9,1113.29,
CZTJ7776,KW8468,362a00e1-0974-4093-864b-ab1e827dd878,442.41,
LILR8762,HD5504,ecfdbbef-ea78-4cb8-b8c0-a8d44a80ca6a,843.83,27.1
RAOX2771,MUA2928,fde71be3-7425-405a-8a1f-b1a192a7a17b,1094.68,
ZHYG1429,EQ2004,e33d3c89-ac76-4ca0-bba7-ba9e1d0611f7,698.95,0.0
XIXT1927,IG5004,1db15f36-37b2-40ae-8312-1a1826426d9b,1454.30,26.7
SOIW5000,FF8706,7c41a4dc-ac8e-4c67-b266-7efa64e693da,1023.30,0.0
FAVH0794,PY1007,cb3b675d-2c22-4625-94be-3e39510437a9,222.72,0.0
DBPX2248,SA9590,1307f9c9-0719-4e5f-808e-d7a8ffb8ad8f,171.57,23.2
MSZL4477,KA6435,24e8dfae-26de-4d35-9f0a-fe0fabef2813,740.97,0.0
FAIK0741,QK898,e3c1b323-ff98-4ffa-a082-9e389cadc045,131.39,28.7
TUUO5867,RX4174,65c5352f-3754-44e1-95ef-3bcbf8c3cdda,234.65,0.0
AQPA0389,AP3611,4f3e85fa-3ba5-45fe-88d7-af2d0db2201d,798.33,0.0
WZVN4988,FNX1842,7c480297-38ad-4ef0-8efc-4a7d6a990238,1023.66,29.4
IYBZ9086,NO6165,5ecf664e-8d6d-40e7-9334-802211c3e3d6,240.11,21.9
ZSYM2964,YQU4437,4883db7b-1e44-482e-9ed3-d3d0aa5e5745,1404.77,
UDMR3948,AM7272,7a90af9b-0d16-4a61-b6a5-16d5afe52164,378.94,
ZMNR3754,SZQ6349,bc0d0fc8-8398-466a-91af-a96bfa5817e1,269.54,0.0
HSDV3606,PS7528,c5eff860-53ea-4265-8f53-77b6882841d6,367.70,
WJVI4451,XCW9469,683639cc-bb2d-484a-91f7-495a04af0ff7,1406.53,24.7
TGMS5167,XO6015,7a88d49d-8e72-4e0e-908c-28bf08812005,573.57,18.4
GXRF8142,FBB9069,af05824f-ec3b-47d3-b580-b73bcc831209,162.38,25.0
IWQL6833,ZV4563,5c2feac0-dc46-49ed-817e-e6e2972e9c20,440.16,0.0
RQDC1506,ZYV5171,fd4128b9-d6f7-424c-9294-a38b933bd662,240.48,0.0
VOGT5604,YXN4183,48ff841a-42bf-4dbe-8f08-ead4986aa3ef,229.07,20.9
HRNP8650,LR3665,f90c5e6a-09f8-403a-a85f-986c1d244bdb,456.76,0.0
BEUZ7326,WD3649,022c97ce-4b94-4b57-a9ba-99180c132935,876.13,
XNPD8587,GF9002,14a6f88e-b5f9-46ff-8339-7d828275ebba,1314.84,22.8
SQPQ7821,KHP3483,1bd78fb4-8ec1-4868-b6e7-9b0d284f52c4,328.02,0.0
HLBK8344,FL8901,b9edbc36-544e-4943-9624-7202b112d588,642.76,0.0
SHGI5314,UBW7210,025f9ac1-f3e5-4b18-ad23-70b568d5bf7a,906.38,
ZFMX1632,PL5584,7396f252-f2f8-4af5-9f1f-60fb6f539672,338.45,19.1
LOJI2759,FQA8988,442bcc17-78bd-4a93-980c-d7ba011bc9bf,491.56,0.0
WXYC5283,ZJE2909,164cb58d-6c90-45b9-95c7-fea96584b261,549.29,17.7
UOHT0809,PM2909,b0538448-be74-490d-b228-f96bd488059f,201.15,
THAT4788,OSL1325,5ea7441b-abe0-4cf7-8e16-481c3199549b,1388.65,29.1
MJBR2146,RJO9331,a129d2bf-7711-4c29-90b5-61c393fd1c21,1403.95,26.4
ZYMZ5208,BW1877,5594a91c-6e35-4e94-a7dd-861089370ea1,223.32,0.0
XBIQ7805,KBP9598,b67301a9-048c-41d6-a28d-45f347274679,182.41,22.1
IADV7594,DMQ5315,8ef64982-6f06-4846-b52c-340755f1298b,727.63,22.4
HNFL1815,OY2257,d708766e-77b6-4256-ab11-60b7f8af60c0,197.80,
IGZU9359,RN569,1d71a2c6-f94a-49b9-98cd-19fe3f8a0f87,395.51,24.0
VGAO3708,OZU3293,331499e6-2e33-4b7e-8e97-dfa7141bb45c,744.84,15.9
ULUF2542,UW9764,507baa7a-bacc-49bf-92a7-dcc56ee42f1c,1292.50,
ZYOA1072,RN5312,a3616e7a-2d45-40c4-860b-40dd802cf04b,337.12,
WPMK8060,RU8242,177f2ec9-7323-4a86-8df2-c5d7bb9d384a,546.45,0.0
ZEOM0867,NS1486,a79007da-3f29-4622-a46e-38dbbd8685b8,1221.80,0.0
RYSF7956,WAM7963,c3ef4fcb-044c-4f52-be55-592ec99e867a,1316.83,
VJYZ6175,XWW1767,bf87bfff-32ce-4e8d-a83f-6f66d6d5fa41,1215.65,0.0
QPRW3015,RC530,ef193496-c8e6-42b4-8233-79fbf85b6b04,564.11,0.0
ERZG2879,LF7843,0df3d03e-a77d-404d-b311-d76b22cfad68,777.48,
RAZD7934,TYT6529,18c68be5-2815-45b0-848b-ca84b3939574,1023.24,29.2
JIPG9861,SY5512,921c457e-4e24-4f25-bb65-461f90579602,658.44,28.8
NOBJ3091,QGU1914,12190119-72f9-4278-bc56-092a4288a9e0,634.59,0.0
SSNP2019,TU1966,f4a98e40-222b-4bf3-b755-e57c5dd9f09e,1173.42,
ZPQB5683,LYK9809,22281479-75b4-4266-88a1-629688d0afad,1488.25,
ZWZV4359,JM3332,0e2635c1-0634-4920-90b2-ac002e9dbd92,1414.11,
RFRZ6416,YMZ3011,7c47869b-6970-4325-8792-50cb62484762,579.49,0.0
AXLZ5426,LL205,93c63184-98fd-4977-9bdc-eab466ef7ee2,294.42,0.0
PPQU1680,CI1393,c1e556e0-6efa-482d-beb3-873912a8b6e3,126.11,27.0
CBZB7835,JB7547,f4727b28-fc61-4eab-b969-bb5412607b63,323.00,0.0
HBNE0657,OWY3199,fb8cca5d-9c18-4f35-87eb-ebbb635b0bf1,662.78,
FQAP3655,FZ5686,b8bbb159-4af7-4007-b95e-fca529774f16,160.08,
WRVQ5556,ALD3726,bc8ca2c2-db08-44e0-974c-2858fbbb01fa,783.24,29.9
ATOV7850,WCD9496,d7eb9111-1ff9-45e9-a6b7-b51902c1fdff,1440.01,15.8
BLZV5995,NNV9695,dc2e8f07-016c-4225-b0ec-a06ce4e8ed70,365.24,
EQFF6988,GH7403,e10eb2d2-9040-49d8-99a0-18f0ff9c5db7,199.43,
SQHE9148,GJV6681,ecf15731-84b3-4eb6-ad57-b35b83c11968,854.54,0.0
WNMG3713,BX8439,ae38fca2-f809-4287-abfe-194c381966ca,1379.44,0.0
SALK1346,DPI7178,05d03b94-bdfa-4ee6-af54-2bb02db50a83,288.17,
SBCR3027,CX5733,04da4fe5-ccf7-4eb6-a8fa-d18c05d3d756,422.23,23.2
HCTO0927,YH6104,92b5b548-85ae-4536-8a82-326ec83da56e,1232.32,
JKRK6594,IC5527,a8a4a8cb-04dd-4d5f-84a9-645633ef17fd,239.22,
JDDI7882,JE2916,27ae6b76-0176-48bc-b9fb-88772d44d77d,1132.23,0.0
IPUV6140,VND6785,fb773f75-5c14-46d8-a71e-d46e15bb9f00,936.44,17.6
BTIB4254,NM5387,23506008-03df-4caa-8d8f-f128c54cf5f9,798.57,19.6
VEZS9302,FP5160,bdd9c1b5-4703-4930-9f05-ba3b555c9612,1257.51,
LITF5117,IX1404,702b19bb-7bab-4b49-90d1-b175391be633,121.27,0.0
HBYA0450,ZTZ7936,346ffdb5-8699-429f-8cf0-ba183358b4af,1248.07,
CEHI0574,MT1401,875b4a64-19f3-42fe-8603-89b0ead21cda,1385.78,
FXGK0056,HA4251,dd8e6855-dae4-4b37-993b-aa7416bfdc48,184.23,
CKQO3793,DQ1002,31da22c8-73aa-4533-8e47-d81a2b496dd0,242.43,23.8
AFUV8645,BA1638,ebd9d9bc-2389-432e-bcd5-a1a2b3d4da1a,651.24,
FREO1914,ZBZ3253,749364ea-f43c-43f1-8adb-9e2fe0c4320c,1296.83,
HNKI0544,JE8020,8b56f0e5-a793-4794-9d36-28bc953fe8ad,451.48,
SLNB4708,VE3564,4fc92cfc-9307-4a63-92b4-bb5b247b505f,557.10,0.0
ALLS5657,PNA8119,3b355669-dcef-483c-b644-f0c043cc091a,764.52,18.7
XBGL0730,DG9891,d4372007-4e72-4851-ab72-69329cbb1e9b,533.41,19.3
VVEY3669,RDA7632,8c7cbe1b-e2a2-4bc3-8e96-9ea7b8d0e067,438.28,
KKOB9568,MS3184,70784151-1963-4e3c-8d78-cd30cb6633ee,226.90,18.6
BMQX5030,WAO3490,e7d587ae-b27d-4598-9c15-02c631f884f4,1255.47,18.3
ARKS4796,RN569,67c74a5e-bf3e-433c-9c12-cd4efb399548,431.09,15.3
KJFU0943,UZH8368,a315c333-f049-4b61-a836-a4a9e2499bd0,497.02,20.2
FICF4065,VH9779,db55f739-c7e7-4f41-8597-71d5e5aac4c9,317.44,23.2
IBYN0948,OPY8561,4273f30f-9c23-4c90-affa-db430cbf0033,1331.49,0.0
KLBG1845,EY8259,334ac354-5b36-4f03-874e-f8ff1c002587,405.70,24.0
MYWA8859,YMZ3011,9ec3c7d3-ea71-4eaf-b32c-5d5de42a30d3,1370.73,
PKRS7426,TH8056,3e6157c0-95d6-47b8-93ff-c888801bbb17,1198.13,18.3
GNIP4739,IN2908,34f79ed4-0f80-4aa3-b1a8-df9405c4b3aa,261.49,
RTDE5582,MC7750,9c385bde-5a15-4f18-9c18-26141cd9a6d9,317.00,
JDCV0314,HFQ1167,a9c2422b-6ebd-4efb-a75d-d80d5b627a3a,849.25,
FQFL4483,BBY507,d3baf583-f883-4898-bc4b-6b7f5fd8893b,1343.52,
NMZC1579,CVV7107,df2409a2-69fa-4cd8-82ea-a8ce94d1d400,1142.05,0.0
KBSL4229,NZH504,1aba691a-4acf-421e-9591-91f2ec88db6f,878.30,
KFXH6943,PQ1262,4784789d-5ddd-4a63-ac75-100183d5c4c6,1452.61,28.2
KIHW8882,XC5427,018b2f87-d07a-47bb-8687-987f2ffe1d70,385.57,25.9
GNBC4462,YKB1267,34676a8d-4142-4153-9e22-0949cd25749d,1284.35,
FEVJ3715,IL6372,5a786de3-1bce-4d05-bcdf-8ebfbfbd0f04,1099.55,0.0
VWWW0899,MUA2928,06966c1f-ff3e-4c65-ad6a-6c0e0941e39f,1254.02,0.0
FFLV1797,DSP9924,a1657467-f0c0-4441-8bc4-dbaf5b811b77,1163.79,0.0
BTIR0021,MW412,020c29a9-bc0e-4547-8a56-fa08c29d3788,1315.74,0.0
UETC8946,WW3426,993c5b14-36a9-4f76-ad4f-9171c06a1cdb,1490.72,0.0
FYTH0898,QH5757,4168a3ad-e2fe-4ea7-8bbb-d1e6ef7b16f8,700.87,0.0
CZLS6124,YWV6202,af560cd2-f217-4c4e-928b-f05524908513,1346.93,
TTAJ9005,BBY6628,a6a64a0e-b57c-4278-b3c5-27ba8ecfdb73,783.83,
ZKLX2945,XJ2519,9c7f1310-fb7c-4b2b-bab8-9fe380ab9a04,1223.00,0.0
VOBW1439,YRE743,68270da8-d5ed-466e-8126-01ebc576dc40,342.60,0.0
WEVS1733,MD8994,23688500-089b-4f26-a45d-8ea1e5df1261,459.79,0.0
YLYG8640,FG2050,821077a9-ea77-4343-bf18-506dc974686d,335.14,18.5
HPBH0865,TYT380,8ddaf7a9-6f21-478f-8015-1a8706bbcc58,294.78,29.0
LCZO1051,YS1501,2fd5cddb-4b43-494e-beb6-71881ffcc1e4,1168.01,27.9
RBUC6721,SPJ2703,5ce29f3a-bea6-4b4f-a6d3-ba700c4e628f,1496.96,
GREK7018,MXF580,2b9998dc-8dcf-47e2-8710-f108afffa23e,1376.01,27.2
EKBK0703,GF370,ca9dc09c-5cbe-493b-8a1a-67a84221f2cd,744.24,0.0
ZUZM2130,SIY2937,387e37c5-81f3-4424-9a39-2792876da478,375.74,0.0
GEMM5356,BA3666,c3f010af-ef6f-4ecb-a13c-da56aaf86266,823.11,0.0
DRAG0844,EDS6254,0f0402e2-8dd2-4c0f-b813-36689c848053,644.80,0.0
YFID1673,GSR9047,9838bbed-d082-4baa-9d06-ed7af2d1569b,240.03,
SVHC3271,YZ8793,6b9f2f88-fc60-4357-9f86-b18aff1afad6,1177.01,
YKRL3022,NNL491,2f81ff2c-6d87-416c-abed-9616b58b859b,1329.26,24.7
METR9276,FPN7507,737e095d-001a-4acb-95a1-cafd5f14bad9,907.89,0.0
DJPF3943,PND8189,ceb7ea2e-00bb-4520-b46f-03a516c75db2,948.18,29.9
IMBF0725,SVJ528,86d22675-ac6e-4a8a-85c2-3b0d14224cbf,1208.07,
GUTO0236,OL8867,aacdf614-7d69-4529-b04e-b44f19e2a893,677.17,20.6
TQEJ8798,AWV6351,f64b3c0c-b164-404d-bb3c-f28c0dce29eb,1357.47,
MHEC1589,PS8726,2856706d-7c48-4fe8-bbc4-4f571de4120a,1407.23,29.7
PBKI5663,GIB4148,9cda70b9-1972-4a8e-b041-2f979d79e7b9,1104.44,
KHTI6686,FF3638,15e75116-1db8-4175-8fb2-6d6f139926ed,697.60,0.0
WHUV0362,QOA5127,e49b4dec-d110-4935-aa0c-0086f6b0ec7d,706.29,29.4
CTCF0121,ZBZ3253,62b85d3d-f9e8-4171-be34-b759b2f330a6,1189.31,0.0
AKYQ7827,IH1941,98d38552-e5aa-4ab8-817d-f636261aa5b8,745.58,15.5
CQTN9087,UR101,5dbfdee3-f7c4-49fd-b660-d006b16420fc,1073.84,
ELBS3425,GJV6681,a197389e-d8db-45f4-abfe-b8727b1293a6,247.21,
EBRA7451,AWV8161,9d9248eb-a37c-4a56-8a87-11776b453350,157.53,
XCAP6673,TYT380,ee3aa28c-0979-451d-b0c3-c6a5d779c7fd,517.57,20.8
OIKU9351,NOW1299,eebfd172-072c-44ac-b9f6-ea7b00519c09,846.50,0.0
RCDB1790,NXY8993,ec9d7639-0a2a-4e38-8b64-21988947cf39,630.08,0.0
MYYG0405,XV3363,7a644dc0-5cc8-4886-b243-3a4f970b003e,626.59,
CCLF7999,KIS9737,ecee2f33-2877-4908-82c0-07df9a7fad42,867.93,22.8
IQHR0426,DW6346,bcd34aec-5ce6-4cfa-869c-69af778b4242,654.64,
BGTS6479,PND8189,54f5bb0a-3a67-4ea3-994d-993a93d81f7d,996.42,23.5
YVOF2693,LYK9809,5eae79a4-8534-4d0c-a4c4-f7be18adb325,139.96,20.6
MMJY8282,ALD3726,90f35156-dd60-4636-bae8-1ae03fb0f5d8,1395.54,23.8
QYYZ9789,CQ2291,64c2fca2-fdc0-4f69-a790-4d99a17f5927,935.37,0.0
QQMA9757,EX7218,a3eb0cba-bbe3-44e9-96f5-6ba20e23f0e0,1028.11,18.9
MUVM3303,AE2362,f24e99c1-1448-4f12-94f4-80cfef772807,1265.54,23.1
KUWF6522,TS3731,c8fe0ed8-44e7-42f9-947a-4ce4d6169d7f,662.46,
PTIM5477,LC1151,7e4165a1-adb9-433f-9743-a36e283d459e,622.83,18.5
HDUR0616,TP8408,6ef196cf-2c42-4c90-aec1-3377cfab1963,583.35,
EWWI0693,GDE7339,21c118e9-8c1c-46ed-89fb-e5a612a7901e,1415.75,0.0
PZNI3233,MUW2437,5b159ad1-db4d-4003-8dfe-9de569726d1b,267.66,23.6
TASL8068,TCS4918,ed894b50-f5e6-46f2-9d82-5996285d53e6,1271.45,29.8
NWEO8855,AN1744,6d1dfd25-4ade-4f9b-8d83-b8230f673151,1155.12,17.4
KARL7893,KE4243,39951677-0129-48d6-a5c4-9992367c387e,1028.82,0.0
KNWN0286,XGV6377,82ea8cb0-1abc-428e-b4c8-f244a528d3c0,1190.73,0.0
BYRY7234,RO7425,9aeb6afc-1964-4ca3-86b7-9703ab09bb25,988.55,
XMDU8686,FF8706,4a55e1fc-1fde-49a5-ad08-5899d1e4f33a,1207.94,0.0
VBBU6924,CYN8724,70009ef2-c1f3-4450-bb29-662d049a8f2d,410.31,
CHGX0351,XN4824,f4f183a8-8e91-42fb-a50f-147f2789c3a6,1074.03,0.0
VWLF2325,ATO4628,3a4d5a8d-4db7-48fb-8ac0-66cc6f629305,915.10,0.0
XACO5446,ATO4628,9b3bc5e2-d47b-4f44-b53c-7df702269c45,532.57,0.0
HXJD6550,FQA119,310e74fc-21ec-4830-a849-46ebac53096a,276.77,
JYZE1663,XWA8233,5b305065-6899-43b0-b4b9-bd991099cfd1,1461.67,
ISOB0185,GNG7096,2ea0d46f-ef5c-423d-b4b7-b41a10b7f461,706.63,0.0
FMJD7906,ZJE2909,1ee92264-3f7d-48c3-9fed-1681d5ff8614,790.37,0.0
LAQH3604,FO8235,3fb34aeb-73c3-47c1-a616-04fba1ac34f0,1174.46,16.6
WPER6824,TM4564,f05d6314-a46a-4539-aef5-d401dfeaba57,415.60,21.0
DLLM6065,LHA2952,64b77e43-4488-4572-966d-61af71a3e9e1,117.69,27.4
QCCV8408,SIY9485,57d86c69-4f9c-41cf-82f1-55c6c42dbaeb,1401.79,0.0
YBGR6990,FG3938,290a2722-db0a-41e5-9ccb-97c16050f5f7,347.45,
XTTW3133,WPT5384,4fb3feae-77a7-4141-b59d-b99deaa2bbf4,1147.41,
MPPS6763,AWV7286,75f6b2ba-1768-4ac0-aa16-2a5de6ee3087,104.12,0.0
BUSF0856,YJK9012,33fc1cfc-4687-4019-93d6-788753feac1b,1262.67,25.7
QKNR8778,OOB4654,14dc5f37-ab71-4b34-87ec-cb36614e6c12,465.59,15.9
AXOI5462,KYF8281,8b0dfa43-5c3e-49e0-aefa-a1e046af9d43,331.03,
SABF6462,YU6711,c1ad20ca-91fe-4906-a37d-1cf95a212734,921.25,
XDGK6024,JZZ788,e2b770d4-9010-47ff-8b43-8f4088fca80c,899.32,24.0
FKGN9124,YX6766,f2e6ebff-2806-4c46-bba6-3082592583a7,1331.41,
LQAG8230,SV9317,a3046828-b362-4a74-b6eb-27ca4ce1ef04,1094.62,20.9
VPYP2506,XV3363,220be17b-605c-4cdd-9d1a-1cdd5baad7b1,118.93,23.9
GNJX5983,ZBZ3253,bc00b8ef-d2dc-4bfc-b398-1ee05876a624,527.33,20.0
XKUO1343,PMM8508,36eda8e2-4e3c-462a-8f7d-ba33475fd956,118.41,17.0
CLEX4924,GWA1017,044e6cd3-b34b-40cd-b71b-882db25faced,517.69,28.6
MXTX4863,XOP2844,bfa14a3f-dcc1-4691-b01e-c37eee90aecb,860.16,
NTKU4330,HT1238,04435a40-7acb-473a-b408-ea3bc9199727,349.73,0.0
YGWS6289,IJ3505,4fec9ae7-b52f-4c5d-9a97-88b56a16ab29,158.91,19.3
ENGW3683,SDM7003,77bf01ba-f987-48ba-8186-abe2ed5727dc,499.93,
FICE0521,LT9602,0bd29529-d5fa-49f5-9bd9-eb44708a4532,1167.71,20.6
OHOF2820,IAW7928,3a54c047-d311-4bed-ac5b-dda74102ac46,477.61,0.0
CMHH5726,IAJ5674,db8cfdc5-67f6-4ee5-9cd0-fb30e0190dd5,302.69,29.0
AKMY5929,RN5312,2074d954-f9a1-42dc-b1a7-6ab7b935ec19,1409.09,0.0
VTNU9872,ED8406,b21358ea-609f-4998-b137-d2956b824b65,1080.24,21.2
RIVE3750,TS3731,3dda5ed7-ea96-40e7-a76a-d941a22c424c,1362.93,0.0
NNNR8593,NLE7401,6d7457a8-fc10-4421-974c-1ab2c3dbd3e0,1050.80,0.0
KVRD4500,YJK610,0dc67bbb-19c5-4187-b6b3-97a9f56043d4,806.28,0.0
DAYG7605,XCW7669,bf1ed490-add6-40df-ab69-36d416a7c32e,350.16,19.7
GRDP5046,VBM3760,2663c70c-eaa6-46b1-94ee-20871b823bfc,1005.48,
PRSD5249,GV4603,752c4f50-0afa-4dfa-a8d0-9cf2841f829b,1487.00,0.0
SXJJ4747,RCD6397,9bffd209-028b-4f2c-8983-80f4104ab256,510.06,27.2
SAHY2136,JYU1944,be94fed0-0f50-4a4a-993c-86f218a46c00,1075.32,
OUZL3676,YU6711,714a9f6d-e648-4f9d-94a2-af8d706f1dc6,265.10,0.0
EWZL5157,BDM5005,5f372ac1-d6ce-4c90-aba9-db4ee13435fc,1045.11,
TXKP4253,IRN3858,02c771fe-659e-4ca2-8a5f-50603171cafa,1463.58,20.6
MMEX9263,SW1919,daa9ab71-d489-4cf5-9854-ab3e0b224dd2,316.05,
DJPU9581,KM7121,61c81622-2378-49a8-9a1a-26c0d2dab298,1082.90,22.2
IWWW3073,ANP8777,860532cb-69f8-41a2-a558-4730682ef0b5,1414.70,17.3
FRPF2220,YO4865,debe9741-272a-466f-a78e-d348f160e9a2,640.57,24.9
BPRG4253,MUA6653,927d001c-0f37-49f1-bf13-ecfc2e14dbf0,1361.63,26.3
WVMC6728,GF370,def829c0-ad08-48ed-bce7-2ac345e62b48,1218.58,0.0
PSZQ5695,JKO9598,037dce84-424e-4ef3-81f5-a514649e845a,452.41,0.0
CZIM0504,OEY4466,80249768-7af0-4e47-b2e8-3d21bce7a1a6,1254.21,0.0
JFQA8223,NLE3029,8b87ce3a-ebb3-4b36-b442-8df1cd5030a9,975.40,
REEV2686,EG863,230828b8-6189-4985-b9f2-49af9966ee1c,1404.13,19.4
IWHW4153,PQ1262,ff2e8d08-ab15-4a96-b8d0-25df00b0a1ed,354.02,20.0
NTXR4856,NH2911,7c8d5da7-eaac-4b15-be37-b39c00cfb77c,1371.19,0.0
FALZ4808,UN4103,0437193d-f545-41fe-9008-5048cbf4d3cb,334.04,
JKAH1049,INP2643,d9893443-4cef-4143-be14-1c5ab8eb1491,1406.06,17.4
AQKF3902,ITC7251,3af23158-af59-43b7-9e70-5d626b496adf,917.94,
TUHT8970,SPL638,3a80283b-52b5-41ae-949a-e3b5a4dac853,719.75,29.7
MFBJ3683,WHD8814,199eba08-3f28-4103-9618-92c0eebc4004,309.40,
NRAW8871,INQ9120,860620b0-cfea-4c3d-a01f-6f4ecce1fb31,345.55,
INQZ3494,VND6785,e1b7304b-a7e7-4240-b0dd-b9a3f17f57c3,528.50,0.0
SGUM9066,DWR4435,c5e9e6fb-bd31-49da-994a-b37b434cafde,1493.09,17.2
BHTJ7701,CX5733,072933fb-e367-4d59-9d02-9aba8f28bb05,194.20,28.1
VFUN0322,DEF7235,ee4bb75c-1d9c-4019-af12-331699b29a76,1279.61,
TTHO8495,XI1406,40db8f74-7500-4625-ad00-ee5c97bd00fc,932.74,0.0
CDJM3074,JA7245,9714e5e3-29d9-4865-bf98-87e7c1cf05f3,717.28,21.6
YLSD4740,KNP6206,686e123a-3f56-4cc5-96b9-e8ad6149e34e,1320.43,
MMGX6168,RX4174,159d9f2d-6ad2-4174-b713-f017da59eb04,891.19,
UDGR7820,PMM8508,bc1dac4a-e1e8-4270-a7f3-a0e9d41fa6fe,253.25,0.0
LWQR0556,FR6045,2ea2e8dc-33b6-489a-b406-d4b95390c21d,1437.04,
MBFE2247,CYN8724,07b637fd-aa56-4bee-8646-284fb9bbc99b,1143.18,0.0
OFUQ6160,VW400,73f9cc72-58e7-43c6-b9b4-7fc736ab95d7,868.40,0.0
LNXE0617,HFQ2277,7bf07ab2-05b0-49db-a286-02c88f73475a,819.64,
GXIX1220,ATO4628,ff56a05f-368d-4a50-a710-cd9a73ba47aa,132.77,16.9
XZLT2620,HO5169,47f4b629-d9e6-45a3-91f2-40314324946f,1011.70,0.0
FMRP5320,MRM7091,b221ef35-95a8-40f2-8e4d-298c68ce422d,1496.96,0.0
VQKI3322,AE2362,816267d2-4244-46fd-aeba-9d635aaec71b,955.09,
PCNO6835,ODW3398,7d5fcf01-b354-466d-8f66-7f46d0efd86b,219.43,16.9
IOSH8998,NKY1959,df7cf1af-a997-4294-b79e-19547bce9cfa,877.08,0.0
WCOB9286,FL8901,f071d247-9ba8-40cd-ba64-87df500c56e6,789.48,0.0
ASRV0744,DG7443,6771db3d-8294-4bed-9595-ad835b3f06bc,145.01,17.4
LRUG6909,DW5338,ed7e6235-1c28-4683-a780-fdceda88624f,851.62,
MPBI9022,DSQ8325,6ba80c8b-8708-448a-93f4-4c08d3e6487c,342.64,29.0
RWZR8265,BDM1756,d621c099-b147-436d-b922-f7ecb5d24525,1342.12,0.0
ETBY8966,HFQ6955,1702537e-0efa-4b3a-8d2c-d62bf908008c,225.55,23.3
DMVN9765,JKV7600,d18ebdc7-6620-48b1-af4b-23ff48f7b674,365.39,0.0
KTBG7172,MQZ3056,042d6bb8-ecb9-4dd5-b909-bca25be94357,824.36,
WSYR9362,HOP6868,e3c840a0-9100-4a4b-96b8-c31154d8e4d8,806.31,25.2
AIBB1028,IAW3501,eb05ebe5-57d0-4c39-ba9a-60e6bb778cab,654.36,18.9
YKNA4493,IX5825,0a024533-1f89-4e24-9fc1-63e89a2e72db,912.06,22.0
AGWL0714,OHN903,a01cc841-b236-47c4-8807-57f48919270a,1417.77,
KNEH6994,YJK610,b9fec5f5-10c7-49e6-b205-542c15b4fcf0,765.43,0.0
IQNA5768,ING764,75e1c8bc-4965-4f04-aa4b-1eb482d7e03f,343.21,29.5
ZNQB8085,UE2944,ec1804d5-ca26-4d4e-bdf7-efe954b3b949,1497.27,28.0
DQEA3729,WAO3490,f8b2c4da-27b1-4b5c-b02b-81b842d8bde5,183.80,16.0
OPGO8903,VW400,6a7990d0-525a-49e8-af9f-f65024deded3,1478.96,0.0
ROUT5028,QA484,debc3420-efe8-4e0e-ab60-5666adf2e7e5,134.15,0.0
XSTT4610,UJ1760,eb5ff553-014f-4e15-914c-3d2e2197c843,864.44,0.0
BSIQ5594,FZ5686,7f0ef1ea-4967-4500-a6a9-a26d54b4894e,1002.11,26.8
OXQB8125,EY8259,c650b90f-4e5f-4894-b47c-f891763444b4,1432.96,29.6
SAZY7780,ING764,e1b2c806-1af7-4653-be65-103fd4ff28e7,877.41,0.0
KZBH9451,GWA4534,265e6058-5e83-4329-8008-22af9c73ab40,1032.46,0.0
IFEG8422,IT4577,a7d32d2d-ec8e-403d-b536-729bc7492e44,144.81,0.0
RXQM3640,VMM7652,e5be01ba-2fd4-421a-9716-8607591b5033,203.04,0.0
UVRQ0809,CI1393,1fc87d47-ad75-4850-ad84-205fb201341d,1490.70,0.0
KUDV1493,WAM7963,391b65c9-bdfb-4736-8c9f-85aa500c0b85,1465.10,0.0
